SALE_ID,VIN,SALE_DATE
1,Y8E9H2K4Y1I4D4S1Z,2017-07-06
2,Q3W2P3X6X9F1K0O8L,2017-12-20
3,A8B0M6L2N4R1E8Z8Y,2017-05-18
4,G6D2J8L8H6E2F6K3T,2017-07-09
5,W7O1V7N8X6V6J3A9V,2017-09-01
6,T7W0U8W4D1W1R7D6M,2018-01-03
7,D7W3O4I6H8L1A7Q2T,2018-03-05
8,H6L5C4V5D2K4K2X2U,2017-12-04
9,Z4H5F1G7C1E5V1R0Y,2017-09-01
10,A3Z4M9T9W8P7D5K0Q,2017-12-11
11,M7E2R3O2M8H6P9H7T,2018-02-12
12,U5K6L5B2R5C2J2M3Y,2017-06-08
13,S9I3V8T7D5E1X9A9B,2017-12-04
14,I5E9I2G1S5O0M4S6O,2017-05-14
15,C8N3T2D3Q3Q6Z4P0E,2018-01-02
16,C4T0S5R4V1R4Q5C0K,2017-06-25
17,Z8W5W5H4V5Q3C1L0Q,2017-09-27
18,U9H3F3I4G1X7G6R7T,2017-09-18
19,E6V0E9D4F1Y5S1I5M,2017-09-25
20,Y5P6G8G6B3E8C6L9N,2017-10-05
21,A5Y2E4N8N9N4J3L8F,2017-06-21
22,E8P7K9F4E4G1Y0Y5X,2018-02-08
23,O3R9P7U6A9F2W9H9R,2018-02-14
24,P0Y8I6W5I2W1G4X7Y,2018-01-07
25,E5M0S0D3Q6A5M5G6W,2017-04-20
26,P8K9L0Z4R6P3I9N4P,2018-02-11
27,U3M9C6O1K6Y9F1G1J,2018-02-02
28,H1U5C4E7W3X1U0A3Y,2017-05-24
29,G2N7P7R6X6L9L6I2K,2017-11-16
30,W1R8J1I3G6P1P1Z2H,2017-12-05
31,J5U0U1C3M8V6C0N1F,2017-11-17
32,D5D2Y0E5P0L2D1K3U,2018-02-22
33,U5N1L9H9J3J3F4N6N,2017-07-17
34,E2H8B3V2D0N2H0F5P,2017-06-16
35,V8I5L2P7U1A1N9W6W,2017-09-17
36,G5X8P8G9N3C0H0K8E,2017-12-12
37,P3V1K5H0N9E8S7O5N,2018-04-07
38,P1Q4Y1R4G6W4Y4B2Y,2017-12-20
39,C0V7W4F2I5O6O1I4L,2018-01-08
40,Y1D6S5I3N1K1R8Q5J,2017-07-03
41,Q9B6H4T1Z1M0D7G9K,2017-07-11
42,N6H4Z1N8I0D7L4T5X,2017-07-22
43,Y7V4R6N9Z7F0L1U1J,2018-02-08
44,P2F6O3G6J9D4X8X3I,2018-04-06
45,T5N8J5A2P8E5J1Y1K,2017-07-06
46,V1Y1E9Z9Y5C5X0Z2Q,2017-10-17
47,Q1S0G7A4W6O9Q4W7J,2017-12-13
48,V3O6T5Y3E0M5U3G2A,2018-02-02
49,G6L8V8R1E9J7A3G2G,2017-04-27
50,C6N3G4N9J7X6O1S4F,2018-01-02
51,V2T2Z7E1M6U5X1I4D,2017-10-28
52,F7K9E8D6U0R5U6V8B,2017-07-19
53,B4H5D4R8H6V9Q5M2I,2017-08-02
54,Q0G6M9H6R4I2W7R5K,2017-06-19
55,B5L8J7M9E2Z1K1A5G,2018-03-07
56,H9K2R5G6U3G6V8L9C,2018-02-14
57,D3A6N4B5E3F4L7R9W,2018-01-30
58,D3D4B9N7B4T5E4I4C,2017-09-21
59,N9A6Y9P3Q1A0F3U8L,2018-03-09
60,Z7W5E2B4J7O7W5C1U,2017-04-27
61,Y9R6K7B5C0Q5Q3T4V,2017-08-31
62,T7R5H2I2D3G3H7Z6C,2018-04-09
63,S2V5H6V3P7O2Y0T0O,2017-04-25
64,V8T0I4B1P1H8V7G0N,2018-01-15
65,I7B2J7W1W7L0P2J5Q,2017-07-20
66,A8H5A8U1B9Z1H8N7J,2017-10-30
67,Y7U3K5K8D7T7X0D5N,2018-03-01
68,N0W8W8P3M4X9T5M1M,2017-10-24
69,G9E6N0S9W5P5G5X3T,2017-05-04
70,Q9R3W6M3Y8U3J1G9Q,2017-10-23
71,Y3X6E0P5N5M2S9X4O,2017-10-01
72,A9W5I3L7Q9V9A0F7P,2017-10-11
73,L4I9M0R4Z8U4R1J2M,2017-09-26
74,X5G5H4R6Z8X6P2W9S,2017-11-16
75,B5H3V3R5F9Q2B6R3R,2017-11-03
76,F8L2D8P5U8F3F5U4Y,2017-07-16
77,J1F5N6Y6Q4Y3I9L8S,2018-03-28
78,B4L4E7Z2A3S4A1U7C,2017-08-15
79,G8Q3R8Z4H8J2T0J0Q,2018-03-21
80,B3O3Q1Y9U0U7Q9K7F,2017-05-12
81,J9P6V9Y3T6M4Z8O0S,2018-03-31
82,Z1X6E9M4K5B3B9C1C,2017-12-20
83,Z4W4J3S7W7P2G9R7S,2017-10-08
84,C8U9Y4T7O4N4G1T0J,2018-03-27
85,N4M0J4D2G3C8F9D6L,2017-09-09
86,S6O4Z5K4O6Z8X9L9P,2018-04-01
87,O3C7R8E7A0W3E1P9H,2017-12-17
88,B1X7I8R8Z9E8Q2E6C,2017-10-21
89,N2Q1C5X0J8O7H5X6P,2017-08-05
90,C3I1E5U2J1K6W6H4C,2017-10-04
91,J7A2Y7P3J4V3U7U9R,2017-04-18
92,Y2A3E0X8X3O6U2M6T,2017-06-12
93,M5T5Z7S6M7U5G1B4V,2017-08-27
94,Y3D6U1D7Y2E0W6F4S,2017-12-14
95,X3O8T1P4P7E0Z2E7T,2017-05-31
96,R8B0D7F9W4M6M1Z3K,2018-02-05
97,I2A7Z4D9C0N2R4G3G,2018-02-25
98,D6F9X1A2F8H0C1V1W,2017-04-20
99,H0Q6D8H5Z3I1L7T9X,2018-01-28
100,T9I4L0D7Z6X3G0M4W,2017-06-20
101,N4P4I1B0D7I9G8I7U,2017-09-03
102,S3J6P1F2Z7W5L4Q9K,2018-01-11
103,C6I0W0O3J8Z0Y0Y5Q,2018-02-03
104,L1S2M4Q6Z4Q6C3U3Z,2018-02-22
105,B4A6X3C3N5L0M7Q1A,2017-05-13
106,L8X1A7K0U2K8N9O0I,2018-02-09
107,Y8J7V1V9H6S7N3L3T,2017-06-01
108,K3S0J7R8W1G5Q5S1U,2018-02-24
109,A9H0U6N7B4P4C4O9I,2017-11-09
110,K2E5Y5Q0R1A1Y5H8M,2017-07-13
111,X7Y3Z1E6G1R3A5G6G,2017-07-28
112,M4J0S2U7G7M8U1Z4B,2018-04-01
113,F8Q1L7D3U9E1Y2B0J,2018-02-13
114,U6I2Q3K4H4W9I0S5K,2018-02-03
115,G4J6M3I7C6X3L8X1E,2018-02-01
116,I9Y7P1S0Z5A8J7G3T,2017-11-26
117,M6O0Z7M1Z9T9C0Y9X,2017-10-04
118,Y0O9C8O3Y1F7C5V7H,2018-01-15
119,L3M1K0V6K6K0O2U1M,2018-04-01
120,X1Z8E8R5W8Y0A4X3D,2017-11-21
121,M2F8M1C1U9N0W2E0K,2017-11-24
122,Y2R2R7O5P7S0S9M7G,2017-08-14
123,R6G1X1W1O1D9W7F5S,2017-04-16
124,D8X9Q3W2L2L3E2F2I,2017-05-01
125,C8G7O9U6R6P6O0F1Z,2018-04-02
126,P4W2Q8K3N6D3Y2T4X,2018-03-20
127,I7M4T8P3Q6F4D8S4C,2018-04-10
128,G3T2M1N9L7J5M0X0W,2017-06-24
129,Y3W6Q9Z9Y8V9G1B4J,2017-06-21
130,S5T4A2D3W0H8I3X1P,2018-01-30
131,W4Z6J2F0D8Z1P4Q6R,2017-12-12
132,K3W2Y5C2O7U8P8W4Q,2018-01-02
133,F9S2P9F0E5W1C9H0H,2018-01-24
134,G2F2I6R3L1V5Q1S7H,2017-06-12
135,A9D0O1A2Y7C9A9O2C,2017-10-06
136,A4N1M0J8E7R4P0W4X,2017-11-19
137,I8O6C3A3U8D6F7A3N,2017-10-14
138,W9K8U4K1Y8R2Y8V1X,2018-04-05
139,R6C9V3R2E2X0R4G4N,2018-01-25
140,K4C4N2X2D8C4N4U4E,2018-02-20
141,Z4K1I3Y5W5L2N1D4K,2017-10-11
142,X2B3Z9J3Q4G9M0Y7G,2018-04-09
143,O0N8M7O5G3L9Z3G4D,2017-06-30
144,L7V5Z3J2Y3P5T7O2M,2018-02-07
145,Z0M8A0W0D5R9L5O0A,2018-03-29
146,O5S1I4J5G2U6R0S3U,2017-06-19
147,O2H6J0G0X8B6T3A7M,2017-08-22
148,Z7R7Z8L3C0D9H7A6K,2017-11-16
149,K2Y0Q1W9B4N7K4K0Q,2018-02-02
150,J4W9J4M0D9O1D2X6R,2017-09-25
151,E5J5D3T3J8N6B8U1L,2017-07-31
152,P4O6D1F9G1D9T7S0W,2017-10-27
153,C6K4R4I7X2Z6Y3Z9A,2017-07-30
154,L1L9Y6Z8G6G9G4S1E,2017-09-12
155,Y6U2Q6Y6H1L8H8A4J,2018-03-14
156,O4M8I6U3Q8E1Z4W8V,2017-12-19
157,R7B2R9R4V4S0A5L0N,2017-05-15
158,H8E9P7G4M3A2A0S6H,2017-11-16
159,Y0S3P5U5F2Y0W2V9E,2017-08-28
160,L3J0L1Y9W5K7P5P1V,2017-11-16
161,B0N1F1N2G7Z3U1Q6C,2018-02-14
162,N6F2X2W3L2R7U5Z8K,2018-04-03
163,R7B1Y4H4P1V2S0U1D,2017-12-19
164,C6E0Q7H0L1Y3A9S4N,2018-01-14
165,A4T5C1G0X3M8E2S5A,2017-07-24
166,O7W1M8R0Q3N5E3F1O,2017-05-11
167,Q6A6E6T7A5N7H8C3A,2018-02-07
168,K5X8W5I7I5Y0M0R5G,2017-10-07
169,R3F1H0I8Z6J6K9C9W,2017-08-24
170,O2J0N3F6X3J2O1F8R,2018-04-09
171,R1Y9J4B4B3H5Z7S5Y,2017-10-08
172,O3K7T7Q2Z8V4K1Y8T,2017-04-18
173,T5A3H2O8W0J7I5H9N,2017-05-08
174,I5J6P4C0H9S2A1W6X,2017-12-28
175,S4X4U4M6G6X1I5Z3P,2017-06-07
176,A4P9Q4A8N6Z6S7W2Q,2017-09-02
177,B7U9A9Y6G2G3S3J1Z,2017-12-01
178,F1H9Q7R1U8A9D9H5P,2018-01-05
179,Z0P3T6R2B7M2G9F0Y,2017-04-24
180,R1P3X6N6I5R1K8S4Y,2018-01-31
181,D7L9A9J1B0K5G8A1I,2018-03-27
182,P0T9R4K2T1H6Z9Z8D,2017-11-21
183,S3S8B4Z5S0F8K7M2G,2018-03-03
184,G0V2V5N3M7W1F9Q6J,2018-02-11
185,Y4B3N7I5B6R9D2Z1E,2017-05-16
186,S2V7D2A8H8C8V5S3M,2017-09-21
187,C1R4P1B3F1Z5U4G7C,2018-02-14
188,T3O1F2B6G9F0I5Z3E,2018-03-19
189,H7N5C1A0Q0I5V1U0V,2017-10-06
190,N4A4N9C6U8V3K2T9N,2017-05-27
191,B4H9D3N1D3O7X6A6C,2018-03-05
192,B3D4Q5L6U0E8Z5D3E,2018-02-14
193,F3N6S5Q7D8N7H8J3H,2018-03-25
194,X3M4Q5M8D0W5U5H0D,2017-05-09
195,P5K0J1U5D2R6C7P9H,2017-11-22
196,V6A4G1U9Y9T8L7R3R,2018-02-04
197,S0H9H5A5C2Q6R4A7X,2017-08-30
198,G1H9M3F6U4O5Q5X1W,2018-01-09
199,F4O5S3H5T9S0U6Q1H,2017-12-18
200,U9D4N6D1N9N0U3P6X,2018-03-12
201,M5B4D0I3M5M6O4O5H,2018-03-08
202,M8T5K0O3I4N6A1X6W,2017-08-24
203,O8P3Y0Y0P4E0H5A2S,2018-04-05
204,B7Y8J2Q4K5K8K2B4M,2017-05-04
205,I2X2K2N5J8V6U1E1S,2017-04-22
206,Z0I0A5Z1X4J4A4G2Y,2017-06-23
207,O5N3D1M2Q2F5F6T5J,2018-01-28
208,G2W2F1O9U7A1S8X2V,2017-10-30
209,B9Y5D8J7T3M5Z5B7D,2017-11-09
210,X4H2C9N6E2P1N4Y7N,2017-07-03
211,P3Q2S0T0P5F1Y4C3C,2017-09-01
212,K7W4A1P4N4L2G3O4C,2017-08-20
213,Z6W5I1I2I3E2W0N5L,2018-02-10
214,A1O7Y1O6Q2P7N6D8R,2017-12-10
215,D2W6J0C6N7N4K8R1E,2017-08-08
216,C6C0O0X3L4Q5Z2D9V,2018-02-12
217,L9H0F0K2K4Z4S3D1S,2017-08-13
218,T5H9C3D8Y1F8M8H4R,2017-07-22
219,F4W9K4C7C1L4J9Z4T,2017-10-22
220,R7I0W8V9E8V0J3A8X,2017-06-02
221,K1Z2D9U6E3Q0Q3U5A,2017-09-14
222,Q0W4Z1H6X2H8A3E7Q,2018-02-14
223,J1N8L5O0G3X0R4B6V,2017-10-02
224,I1X2J1G6Q4C6O7H9Q,2017-11-29
225,M9N4G6Y2L5F2A3Q5V,2017-10-14
226,T6L3R2C2I3X8O3O5J,2018-04-03
227,K0P8Y2B6V8Y4J8Z2K,2017-04-23
228,S7Y6L1M5U2O6F9S1F,2017-10-04
229,O9Z8M8W3Y5I8G2G7B,2018-04-10
230,T6J9Z2W6D4W7P9U0W,2017-12-08
231,Q8L0R0R4N4S4K8D0Q,2017-06-26
232,R2T4J1K2A2W6O5B9M,2017-04-22
233,L9P0F4U9C7A6K5X0L,2017-11-18
234,P5L8V7N2B0O4F0O6D,2017-09-04
235,Q9T5E4S0W0H7Z5S4Y,2018-03-26
236,O2I0A6W5O0K6X7D0P,2017-09-20
237,D5Q6K3H2F9G9O6E9R,2018-02-03
238,D9W5Q9F7A4N1B8J6G,2018-02-05
239,M0L5E0I1P4W7C2O7O,2017-10-08
240,N5U2B0X8H8X4A9U8A,2017-09-25
241,A0J2Q3X1F2Z6V0K6V,2017-05-05
242,H3E0S1B8Y9B3T1V9R,2017-10-11
243,T4F4E7E0D0H1J0S2E,2017-09-10
244,G2F2C0P6D7E3J8Z1J,2017-11-03
245,V2X2P9B2S1P4V6A4T,2017-10-13
246,P2F2R4V7L5W2R4F0T,2018-02-13
247,T1K4S3J2V0V5U5H5A,2018-02-18
248,N7S0R4S9S4F0U0X7K,2018-01-11
249,E2Q2V7Z1I9S9M3Y7U,2018-03-23
250,V0R1O6V9E2J1E9Z8M,2017-08-11
251,J1I9T5E9X2S3C7K2J,2017-09-19
252,G8Z9Q4I5K5J4Q7P7H,2018-02-21
253,F2C1M5I9A4Q7Q6Q3Q,2017-07-11
254,V9H1D9B2A9D1P2L1D,2018-02-12
255,Z6F0K0S7Y1I7W6Y7B,2018-02-18
256,Z9G8H4Z6G4R5C7E0J,2018-03-25
257,Q1H5T2Q7N4D3N4U1N,2017-09-02
258,Z9V1H6I0D7X0N0E0S,2017-12-02
259,L6W7H5X8O1O2E2X3Y,2018-03-06
260,B4P0D1C7S4H1V3W2N,2017-05-15
261,A0K4K6Y9W9U2Y9D6O,2018-04-01
262,J2K2J6T1B7F3T5E4T,2018-01-30
263,Z2O6S6D4F1C5K8M9N,2017-11-08
264,B9Z2R7F1L5O6K3N2M,2017-12-21
265,T2X0U9B7G2Z6I4K7X,2017-09-22
266,U0G0M2I9M2P9E3C0C,2017-08-12
267,C8A9H5W9Y3B4H7L1O,2017-05-31
268,X9O4U1U6S0Z6J3C1E,2017-04-18
269,A8N4A5T5H1U0Y3T0I,2017-10-24
270,Z3A7N5I3A6A1A2L9S,2017-07-05
271,N9H0G4Z6B8V0J3S3Z,2018-02-22
272,I4A7Z6W3Z1D6E0A9V,2017-08-05
273,X5F5Z0Y0E6N1O6V8S,2017-07-05
274,H2N0D3S0C7P7I5H3Q,2018-03-11
275,E5Y0F4S9N1U7N2J4W,2017-07-02
276,O5V5A7B7X9P9K0N1S,2018-02-27
277,B3E8A6E6U8D6Z2L9D,2017-06-07
278,T6J8V6O5V9F1A6G8K,2017-05-08
279,M6X3E1W9X8X6B3S7N,2017-10-01
280,C2N8E6N2C8Y0U6Q1Q,2017-08-20
281,U6I1N3D9F8K9R4S8Z,2017-12-05
282,W4R3P2H7F1J6G7B3F,2018-04-05
283,Y4C7G6E5D9D8D2K7M,2017-08-17
284,H4J5X4F4Y8A6C9O8S,2017-09-29
285,Y8V6U2I4Q0O4J0W2Q,2017-07-25
286,J4N0B9C0V1V5P8Z3X,2017-09-25
287,D8E8Q9E0S2Y1Z9M9I,2017-09-02
288,B7T2H7N6K7I9M5L9V,2017-04-25
289,R0X0M8G1U3O0R7L7Q,2018-01-01
290,W3S5B6K0R0Z3F6E5P,2017-06-18
291,T7V7R7Q6D2B5F5G2T,2017-06-22
292,I8S9N9Y7D5R8V7K0D,2017-08-27
293,N8N7C3Z8M4F0I2S1B,2017-05-14
294,Q9G2J7S3P5Q6B0Z2E,2017-10-07
295,P2S7B7V1N3E7C6U6D,2018-03-08
296,E4Z6R0A3F6R4X6T8W,2017-04-21
297,P4P2H2K6P3X8T9X0I,2017-04-25
298,V9R5I9L6O4C2W1V3M,2017-06-30
299,G8J3V1O8J2S1W9P1P,2018-02-22
300,Y7Z8E1H4Z7A3S9T0C,2018-01-20
301,V0K7Z9I4S9Q0P2G5R,2017-04-25
302,M8M7L7N5R0W1X1U4C,2017-12-30
303,F5M7F4X8P9F2E7O5E,2018-02-12
304,H8G1M4B2I4Q2L8U5F,2017-12-26
305,X6U9G1Z2H6M9G5U0Z,2017-08-24
306,O0U7N1K3A0X9O7E8A,2018-03-26
307,Z6E7V8Y8R0P4K9I8I,2017-11-19
308,I6T1K9A5N4S6U2E2O,2017-06-02
309,B5P9X3Q9A2K0F0F8U,2018-01-27
310,E2V5Y2C3A6Q4G9I3X,2017-08-22
311,Z2C8I5W9Y1Q5X8P7N,2017-08-11
312,O4Y2F0W0U0A1T7M1P,2017-11-23
313,C3B5J9S2B5E1O0S5Q,2017-11-04
314,I5O3C5X4Y6I6U2Y3X,2017-10-26
315,O9Z0E4P0O9B6X4A9F,2017-11-12
316,O2W7S5P3Q0I0Z8N2B,2017-05-02
317,N5L0S5K7N2D1B6G6Y,2017-05-16
318,U1W4Y3C8X2P1V9R6E,2018-01-03
319,Z1V2R9K1Y3G6P7P7R,2017-11-10
320,E2X5W4D5K2V9P9Y2F,2017-06-18
321,C5R1C9E7Q8I1R6N8I,2017-06-04
322,I2I4Y9F4U0O2A0V0W,2018-04-08
323,U7W5Z2V3S8O6Z5G5Y,2017-08-08
324,W3Y1Y0N0U9V2I3T8W,2017-12-31
325,A7W0S6M0O2E0Y0G8M,2017-12-17
326,L5T2Z1N4G8X4P3A8Z,2017-06-04
327,V7Q8T7S6D6E2L4N1G,2017-11-22
328,Y2Y2V7W2O3O1T5Z0A,2017-06-28
329,L4Q1V8Q7L5F7K0R2A,2017-04-25
330,F8X6P0E3A5L3B1H5Z,2018-04-07
331,P5P8O4G8W9B5P3E5H,2017-12-02
332,N6X8H1Z4P7M5O4P8P,2018-03-26
333,C0L3W7E3W6G7B8D1L,2018-04-02
334,O8J5H9S5F8N9F8E3P,2017-11-05
335,Z3Y3V7S8D9D6H6J5R,2018-04-10
336,T5X4Q3U9H7W1H6O3D,2017-12-29
337,D1F2Z5M7C8L6L9U3A,2017-04-19
338,T5Z2L4O4S6A5W1O5H,2017-10-16
339,T3T0B3Q8K4Y4T0J6X,2017-12-31
340,Z4C8Z7V7U3T5M3Y9B,2018-02-23
341,T8W1B1K1J8P7S5G7L,2017-09-09
342,B5I1S8W4V3I4O4D7Z,2017-04-26
343,D0M4E6Z0S1N7S3M4C,2017-06-21
344,J9Q1S4L0J2V2X9M2Q,2017-11-09
345,S8X4J8P2C0Y9M6V6O,2017-07-22
346,V5W6L4W0D6F9K3S5G,2017-12-14
347,U7S2E6S4G8J5J2W7G,2017-12-14
348,Z9L8T7P8R1X1J1E6Y,2017-10-09
349,C6P7C0F2A2Y0Q9U0P,2017-09-27
350,M1K0C3N5O2T4C1P7O,2017-10-18
351,I4W4B6N0C1A5U5O6P,2017-06-18
352,L8E2L1K1B8C6V0T1N,2017-07-22
353,T3S9M7N5H8L5L6S9M,2018-02-11
354,P5B4G9L0U6I0Z8L2R,2018-03-31
355,U6G5R8Q0R0F8M0Z6P,2017-06-27
356,F5Y9T5J1L4T1A6M0U,2017-12-15
357,Z8B2Q2C8T9P7D3I7O,2017-12-25
358,F8I8M1H1K6I4E5I4Y,2017-10-07
359,K3Q8M2H2M4Z6U8K8O,2017-07-10
360,L8L2I2P8S8X7A9R8T,2017-10-18
361,W5D7L7O1O1V4O8A2D,2017-07-15
362,A0K5E5P6E1S8X7X5K,2017-05-08
363,W9O7R8B6P8G6T0V1Q,2017-08-04
364,X5I9T6F9B0U2I9F3M,2017-09-12
365,E0Y1P5A9D8B6L6H2R,2018-02-24
366,D9W7D6O3P1G2N3C2B,2017-08-05
367,N6P7U0V7H3L3A8N6D,2017-05-08
368,I5A8N0T0K3Y2S0Y7H,2017-08-04
369,M2R0F3V1O4N8R2X7N,2017-12-11
370,N5V7I8H5W7T0Q7L9H,2017-11-08
371,U7F0N5Z7F7M8Y4P1Z,2018-01-22
372,P5F6V8M2V5A0D3F3C,2018-02-13
373,U9C1Y2K8B1K0Y0Z1D,2017-10-24
374,U4H3U0N9M1Q8D8N0E,2017-10-22
375,P2A4A5D3Z8W8I3P8V,2017-07-19
376,J0G6J7Z6Y2C4G9J2B,2018-03-03
377,U3T1T4E0B3F9H4J2U,2017-12-30
378,W8D3R7N8A6S7I3O1F,2018-03-30
379,M0E1Y3S5D4R7Z8M1Z,2017-12-27
380,L5H3Z8J0A1R1G3D8K,2017-12-18
381,W9Y7Z9E9B9N7R3S1L,2017-12-28
382,A5Z6M2W3E0J6K2T8E,2017-12-21
383,I6A9A9H0P4I8S3Z6Y,2017-09-12
384,D5A8A3C1U8J0V1O1O,2017-11-02
385,H6G0V5P0P8W5Q6T8I,2017-12-25
386,Y2G1R4G9J5Q1W6F5G,2017-04-27
387,F3S1T1E2S9E3R8J8P,2017-12-15
388,B8A9I7S3T6D5F9V0Z,2017-10-17
389,B6O5T5R4W1T9X5U7G,2017-05-02
390,M5U3V7T0K8E0D5D0I,2017-06-01
391,R1S0J3M4X0F3A1E6G,2018-01-27
392,I3S1Q6L9C6I0A4D8V,2017-05-10
393,D8U3J1G6J7B0L6O7T,2017-12-08
394,N4O2T5D2X2T1E3R3U,2017-11-20
395,X8K0M0Y7E9L7H0U2F,2017-06-23
396,B1V3G6J1O2K1N3I1W,2017-07-15
397,O2D8E4H9A4P2R6L2Y,2017-07-16
398,S9D4O0I2O0T0N2B8N,2017-08-09
399,P2U1E1Q0H1Q2M1S5O,2017-06-08
400,H3N1Z4H9Q2X6H5R6X,2017-11-03
401,L8T2C1Z4Y6Z1B5G8B,2017-08-22
402,O0S3V9T5N0O2R1R6W,2017-10-16
403,M6N0B4B4B7T2V5Z0J,2017-06-03
404,R9R7Q8U8Y6L6S8W7S,2017-07-25
405,D3E7Q1K5Q2H2K0E1D,2017-07-17
406,C9K2E2J9C1J2W3W8Z,2017-07-10
407,V8D7W9U7I6Y0C1H4D,2017-11-14
408,V5A0K1H2O1O2L8O1M,2017-07-13
409,G7M9A7T8J0W7G4Z4Y,2018-01-23
410,X4O3G4N2O5B4R5G1B,2018-04-12
411,O8E3S8H1R2Y3K1S8U,2017-11-16
412,R9L6I8A1V1B0L0A3W,2017-08-07
413,M3L9J5O7F6Z5O6I3F,2018-04-07
414,K7B6Z8T6T2Q5Q8Q8A,2017-05-14
415,I5X6I7U4Y4E4W5U8P,2017-10-25
416,Y5E2I6X2H9R4J0W2T,2018-01-10
417,U1U0A2P2Y8R2V1T6V,2017-06-10
418,L5W0A5E4R0A9P1X6G,2017-08-14
419,M2U4Z6Y4O3U7B8A2B,2017-04-14
420,J3C5R2Z7O1R9W8Y3X,2017-09-06
421,E9L0K0Z6A3F5C0B7I,2017-10-05
422,D9W0U5V8T4X1Y7Z9W,2017-05-16
423,E0F1C0L6N7X8M2F7W,2018-03-30
424,R5L3L5Z3V0W0L2A9J,2017-07-06
425,P5U2J5K6A4B6G6B6F,2017-07-09
426,Y5D6J7D2E1T9D7Z0A,2018-02-14
427,J7H9I4W0W3A6J7E5T,2018-03-01
428,T1T7M8F4K9D2B6A6X,2018-02-01
429,N0T0P9M3Z2O3N6M3I,2017-10-09
430,Y8C8I8V3M7O8Y7L2B,2017-07-30
431,O2T8B8H9W0V2A3B9J,2018-03-16
432,D3M5N7C6B5G3P3C1S,2017-06-26
433,Z9A9J8Z0B1C2B6C3X,2018-01-23
434,C5D7L5F7J4E1A1N7W,2017-06-29
435,M3Y7P5I9U4Q4E8G4G,2017-12-31
436,S0C5M9A2B9M2O3W1X,2017-07-21
437,X9V9K4Z7M3Z8K3X2J,2017-11-07
438,V6Q9G4H6T2Z7F9T4C,2017-09-11
439,A1L0E7L7C3B8I8A5Z,2017-06-17
440,D3J7I1L8Y6K5D3Q6O,2017-06-21
441,A7U5J2L9R5T8V3W1Q,2018-03-10
442,S6N2K7G7Z0S7I7U2C,2017-12-31
443,B4G9I4Z0P3A2W2P6B,2017-04-28
444,V9W4X4K0O0T1T4B6V,2018-01-21
445,H1J3X2C9O0X9N0A8P,2017-09-09
446,J2U1V7S7H7D1W1S3V,2017-08-01
447,T1Q8H7G4F4I2K1Y3X,2018-02-01
448,C9M5W6Z5F4C4U7K3T,2018-03-13
449,J6F3L9V0S9Z2A3G7C,2017-06-30
450,W8A3H3E1Q5B2G2T5N,2018-01-26
451,V6O6W5H8I5P6L5X2O,2018-01-16
452,F1B6A0D7X7L7W8D4T,2017-05-15
453,Y3V2U7S2G8D1V2K5C,2018-01-27
454,Z0D1B3A5F4S5W2E1J,2017-07-15
455,E3E8Z5X4U6I6C2V2C,2018-03-07
456,T4B0N7Y2F5L1L5F7V,2017-11-30
457,F1H6Q5Y2V4Z5B0V6J,2018-02-27
458,K7L2H0E4I2Q8K6I9W,2017-06-30
459,J4O3D0I1D3T7G2A9D,2017-07-19
460,R7U8K5C9U8P0B6J6Z,2018-01-07
461,G5M1I1A1L1Q9I6S2N,2017-08-26
462,P6K6J3X6R6I7J9N4D,2017-07-21
463,U1I9C1C5E3N0B2D6R,2018-04-02
464,O4X8T5Z4D7N1B7P2D,2018-03-25
465,R1J1T1A9Z0B5X3O8K,2018-04-04
466,A8D8L2A8G8X3V7L3C,2018-02-12
467,E1C0N1K8D3X6D0Z8P,2017-11-03
468,T6G5C6O5X1W2I9I9K,2018-02-22
469,U9K2Z5N6I7M4Y9X6V,2017-11-27
470,Z7X7I6K1Y2R5J1I9O,2017-10-11
471,E5N3Y9X7E9H1V7U5F,2018-04-06
472,O3B9B7V7I0Y1M2U3G,2017-06-24
473,Q8T6L1B3C5T3B5Q1B,2017-09-07
474,S7W3D7E6I4Y3A1U0G,2017-06-10
475,G3J5L5M5Q0H3T3Z6L,2017-11-22
476,S5P0X2H2V9B6Y6A9R,2017-10-02
477,W3D5T3T7V4U0X8R2Y,2017-04-23
478,I9D3Q5X3N8J7W6Z5F,2018-01-07
479,W4X4K5X6Y7B3Q9B2L,2017-12-16
480,U7U7H3C2S5C1T9F5Q,2017-07-22
481,T9K4N8S9J7T4P1O6D,2017-06-18
482,W8R6M9N8K2C9D7C8J,2018-02-16
483,F9O1K1N2R9B4Y4B8B,2017-04-19
484,Y4Z1I1T7Q2S6N9A4V,2018-01-04
485,W9R4S0O1Q5J6Y5A0I,2018-02-11
486,J7T8Q8M9E0X6O9B1I,2017-05-05
487,I7L7X1F7S4G6E9S8G,2017-07-05
488,N2P6O2N5V6L7L0G6K,2017-10-16
489,Z9V8L2I9Q0Z3W3Z8V,2017-12-07
490,P5W6X4U1H3A9E9E5F,2017-11-30
491,B3C0C5T9X2O1C6Z0Q,2017-11-05
492,V6Q4U9K4K9W1X6T8W,2018-01-06
493,J4H4L4G8Y4N7I0Y0M,2017-11-25
494,A0Z8E1U3M9O7Y0F2Y,2017-07-01
495,R1G0A6T1Q7U0U0B1H,2017-12-25
496,L1F8D3S0Z9K4C6K9G,2017-12-10
497,U6X3D6P8Y1C3A5N0O,2017-11-20
498,F1L9K4J2U8I7S5I0C,2017-08-06
499,A0U1B3G5S2U5G5D9U,2017-11-07
500,S3R9G2B4P1V5B6U0Y,2018-04-13
501,B7L8H0Z0R4P6F7Z9N,2017-07-19
502,H0V8W0C9X1R6X3V5L,2017-05-08
503,H8P4S6Q3G6R3W7L3W,2017-08-26
504,P1M6I0B4K5V0D1X6S,2017-10-31
505,H0V7S2M2C3X5L4I4R,2017-07-07
506,Y2Z9E4K8Q8G0X3P4V,2018-03-06
507,P9W2J6N0A4U3P5R5A,2017-11-13
508,Z7H4T9O2V4I6W3C4H,2018-01-04
509,P6T2G2S6A0M0G2M0W,2017-10-24
510,G7S5B3O9I2Y0T0Y6N,2017-05-15
511,F7M4W8K2A4T6O7Q8B,2017-07-27
512,I0S5D8D6P5G4M0W0P,2018-03-03
513,B1Y3H0J1V5P1P4J6N,2017-06-21
514,Q7P0C8X5A1X4R0M5V,2018-04-06
515,J5X3O6X0T7B9P9D9S,2017-08-19
516,E6S2G9G7L0N1C8R9P,2017-11-10
517,W9H0S8A7C2K9A9H3Y,2018-03-11
518,Q6D5N4F7K8E9Q0J7X,2017-08-28
519,R7K5T9T4M4H0J3Z8T,2017-10-02
520,N8P9V5V2Q6O7W1K1P,2017-09-19
521,I2C4S6F8P3R4R9J9O,2017-06-22
522,L9J5I2F0D3B7V3Z0H,2017-06-21
523,N7L5V1W2F8J3N8C4N,2017-04-16
524,E7S4D2W7I8D5Z5P1Z,2018-02-17
525,U1N8H6O5A1U7P0T8X,2017-05-08
526,T1E7Y7L2Q7L2Z4V7K,2017-12-01
527,P3P3S8U7J5L4I6A3T,2018-02-23
528,C8X7U4Y5J1Y7L3H3U,2017-06-04
529,G6K1U8H9O9J7V7L3Q,2017-12-15
530,K2Z6O1I6U9X4L3X2Z,2018-01-23
531,E4Z9B2C5U8Z6J1Y9E,2018-04-01
532,D6V9A4T8O7W9L1P4U,2018-02-07
533,Y4H3B0O5U7Y3I8B6P,2017-10-31
534,C9B8E3E7K2U2M4R8N,2018-04-08
535,V0O4X7A2F5I7K9H4N,2017-10-15
536,R5D2S8U3J1N3X5Y5J,2017-05-19
537,K7L7J2Y1R8L4R1M3W,2017-12-22
538,P1L5N0P5O9Z5J9C4Z,2017-04-27
539,W2D0A4O4X0Q9V6F9S,2017-08-10
540,R9H2G8Y7N4J3C3Q4C,2017-05-09
541,I4Q1W7J3Y3T5W4R0R,2018-03-16
542,Z2Y5D7T9F4V9H0F4H,2017-06-30
543,H3J4J8B1A6Q6P2W8X,2017-10-10
544,A6Z0S2J2U1K6T2R7T,2017-09-27
545,M1M9P2S3X3W3X1Z9L,2017-12-20
546,U1Y0B3M3I2E2I1N7K,2017-11-09
547,M2B2D4Q2Y2H0H5D5J,2018-02-10
548,Y7J2Z8M1A5G7T3L5E,2018-01-06
549,M8X4W8L8Z2B1D4P6Z,2017-10-18
550,V4S6R9E8H7N0E7S6O,2017-09-05
551,I3D1Z8M8T6C6B1L7T,2017-07-30
552,J8V5Z5D3K8C0V6G6N,2018-02-01
553,J5G6G2N1Q4J3S7O9A,2018-02-28
554,W3O2Q8E9Q2T8X9S6S,2017-10-03
555,G1X2M5K0U2S4S9Z4J,2017-11-16
556,O4D2M1V9V4D8T0P9L,2018-03-06
557,U4R8N5S6C4M6I6G2B,2017-11-23
558,N8V9B4C2C4T3E8Z0X,2017-11-04
559,L0H9S3F1L8T4I4X7Z,2017-07-16
560,O0F2Z9Q8J4F2H2X2K,2017-05-28
561,I0R7I7J5T1I4J5W7U,2017-07-20
562,T5I2C2Q6P2F0N5H8T,2017-07-15
563,B9B0Y1Q8G3F8Q4N6R,2017-07-09
564,V4W9I2R5D8O8F0W9I,2018-03-26
565,Q9J7S3P8G9G8Y0T6H,2017-09-05
566,N1V6D4G1G4T4J8F2Q,2018-01-26
567,K5M0W9B0X1C3Y3E0O,2017-06-01
568,K3M9P0D2P5F7X7F6I,2017-04-23
569,M2G4C7Y0B6K4A4K7O,2018-02-04
570,D8S9X2G3G7M3O8J7U,2017-06-29
571,N6F0M7Q1T3H8I8N5E,2017-12-31
572,V2L8F0R0W1V7Y4B2W,2017-04-14
573,L2W8S0W7S5E8F0D8G,2017-08-21
574,W0V4S3M4D8C7K6D4K,2018-01-03
575,L1C4Y4C9N0P5L5Z8I,2018-02-03
576,A3C2J1G5V8J9V6Q8G,2017-11-30
577,N8G9S1O0G9G4J3G2G,2017-10-25
578,J0Q7E7J2M2O3E0J6X,2018-01-18
579,D3D6B6I3W6D7C8W0L,2018-01-09
580,X9B4G0K8O4M3Y0W9P,2018-01-21
581,B2E4R3G5A0U5W7Q7I,2017-05-01
582,Q7C0J7I1H7I3F7G4G,2017-12-24
583,J4K6Y0C6B2X5D5U3A,2017-12-11
584,T1F6Z8T8Y8S3G6D4O,2017-04-27
585,Q9H1K0N2G2G0N9N6K,2018-03-26
586,O4N6M7G3Q4U5K7B0H,2017-10-01
587,Z6W5Z8X7Q9J6A6D6N,2018-04-12
588,M1Q4C0V0E0V3Z0S2S,2017-05-26
589,B5Z1R9Y9U1A2S5C0V,2017-08-02
590,H4A4U0S6I5L4X4O8B,2017-07-12
591,E6Q2O7X2G7G0F5A7V,2017-10-15
592,R1Q7Z9P4W9H3A1B6U,2018-01-23
593,X9H8N6S1W3R5Y4T9G,2017-11-20
594,Z2E5C3A1I0G8H0P9S,2017-10-20
595,L0U1B0P6Z8H6L8U4Q,2017-08-14
596,F9F4C1C9W3C4O2Q9X,2017-12-22
597,C2Y0P7K2F8F1U9M6I,2017-07-06
598,C2Q0N3G9K4Y1X8S1C,2017-12-14
599,H9U2Y8X7F7O4T8Z1K,2017-11-30
600,K6P7G7K9Q6B7V5X9Z,2018-03-21
601,S3S9O9X1O3R3B8M1B,2017-05-07
602,B0D8K1R1X1K7R3M0Q,2017-08-21
603,B2I8J7M4W9R9F1D2A,2017-09-28
604,N6A7B6M0Y2V4P0O8J,2018-03-21
605,F1R0K3K3K6P3G1F8P,2017-10-14
606,G6O5W9Z4U0Q9E7H0J,2017-08-30
607,A5G0B8V7D1D3Y0I6A,2018-01-24
608,T8M1W3B1L5K7D7Z3A,2018-03-28
609,C3T8P7O2J3L7H9W6Z,2017-12-11
610,U4C8M5Y3V0M3Q8N7S,2018-04-10
611,R7Y4H9K3M9R2R3Z3K,2017-12-16
612,Y4Q7Q4A5G0P4J6C9H,2017-10-16
613,T2B8T3V8R6F8C9N5F,2018-03-28
614,N8Y3B8W7Y8O2H5T5M,2017-10-31
615,L7J4N4G4F1M0J2W4Q,2017-04-22
616,P3P2D7W5H3W1F8P4V,2017-07-02
617,Q8G0H6Y4H3Z3I2Q8I,2018-02-20
618,W4G6N1E5Z3F6I5G4E,2017-11-30
619,K5W5J4B5S5O2X7U3B,2018-02-28
620,H3L4A3A6D9X0F9I3W,2017-08-02
621,Z1G7U3U0D4O7V0A8D,2018-03-04
622,J9I0I2C5U0H3Z0Z1Q,2017-08-28
623,M7S7J2X4E9D6S5P8G,2017-10-09
624,G5N6T5C4S0U7D1J0P,2017-06-21
625,P9W3O3X2D5P0F3W5E,2017-06-16
626,P1W2Z8L0T7C6G9Q0O,2018-02-02
627,Z3X1J7X4B3Y2E4D4H,2017-06-05
628,R9C7A0F9G5Z2G3L5M,2018-02-13
629,M9X6I7D4Y5T2H0Z0N,2018-01-12
630,X6U1F2J2G3X7H0A4K,2017-08-13
631,L5Y9X0O8E4Z0W0D1Q,2017-07-10
632,H4A1X5O4E8L2V0H0G,2017-07-14
633,T2N3Y7E1L8S7E0A8B,2017-12-17
634,S1G7X6M3G5U2F4K1E,2018-01-23
635,D8Y3I5K8Y5M6M6J2Y,2017-09-19
636,V7B1B8J2F5J4F3T1Z,2018-04-09
637,S6P7W4F2U9B0O3B8M,2017-05-08
638,B3E5A7E2B4S5K3E9F,2017-05-30
639,M2S5W8U1N6H5W1U3M,2017-08-18
640,Y0D2X5F6D9A8N7L4K,2018-01-06
641,Z2L7S0C7A9B5G4Q1F,2018-02-02
642,Y4U0B8A1U8T7S3Q6A,2017-09-30
643,T0C3C1C7E0W9W7Z8P,2017-06-19
644,Z8O0P4B8H3J4R8U7G,2017-09-03
645,J8L6Z6D3S6C2S6Z0W,2018-02-05
646,M9H7V9Z1F5I1L4M0O,2017-05-07
647,X3U0T8Q9Q4G6E6E0U,2018-03-26
648,E3H9N6Q4J5O5V5O9G,2017-04-23
649,Z3O3X7N8U4T1O8M3G,2017-05-28
650,Y7O8Y0C8T9K1Q3H0G,2018-02-02
651,A8V4C6E7F7R7D2M8V,2018-03-09
652,H1R8W7O4C9Y1Q9O9Y,2018-01-24
653,N3Z2I0R4D6I6P2Z6O,2018-02-26
654,I7W4T7C0O9U6C9M6D,2017-08-23
655,Z8D6Y0Y5X4D2R9Z0U,2018-03-10
656,V9Q2X4V5X0W9A4B0F,2017-10-13
657,P2H4N8Z3K1M8V3R1H,2018-03-06
658,A9A5E2P1N0M8E1Y3X,2018-04-02
659,A1I7A7V8Q6T7F6N9K,2017-12-05
660,B9M7L2O2A0H9D7L4A,2018-01-22
661,S8M2F2P9L0V6B2B6U,2017-08-05
662,M4I8F1M4A4C4K4I0I,2017-09-13
663,Z5J8T2D4Y2N4W5X4N,2018-02-10
664,E8B9Z2N6T5Y7T3U1J,2017-09-01
665,G8S7G9X2A5I9X0Y3N,2017-10-12
666,I4P8A8S5Z3L0F1Z5S,2018-03-17
667,L4V6B6O0N8O3P9F7U,2017-11-14
668,E7T0I7F7H6L6G2P7V,2017-09-02
669,T2B5H0N1Q3X5S3K4N,2017-05-15
670,C8A9F7U3T7B6I0V4K,2017-06-18
671,I8G3F3R7S3A3S8P6W,2018-01-16
672,S1H3Y2H8B6N8V4Z2T,2017-07-20
673,E1H6M1X0U1B6D8Z5L,2018-04-02
674,Q8T4V2L6T8P4Z8V0G,2017-11-19
675,A3K4K1W7G9Y6I2J4A,2017-05-01
676,F6R6Z6S1B9D6A1S4L,2018-01-08
677,O7C2C7S1F1F3L8X7U,2017-09-03
678,R0O0E5G6C3D5W4W3J,2017-10-17
679,T0R2F7G2W1E0X3Z7A,2018-01-19
680,D6V5G0E8I7Q2W2G1F,2018-01-31
681,Z5B6Y3T9T9U3F6B7H,2017-05-29
682,G9E2U5R9A8N7Q5X0J,2017-08-31
683,J1P8B1Q2S9K5C5Z9Y,2017-09-07
684,X0H0V5Y4T5E6W0C9E,2017-12-31
685,D8N0K2R5T8W3E4X0L,2017-09-10
686,H8S4K8O6X7A2Y1S4A,2017-10-03
687,C6O5M5A6K0F4Z8Y3G,2017-10-13
688,G6K8S2V5G4H7B5V8B,2017-08-19
689,J3Q6M0C6I4P2G8N9J,2017-04-16
690,A8C2F2Q2Y8X5F1J0S,2017-12-11
691,Z3X4S1H6I9J4B1P8J,2017-07-20
692,U5X6M3V7C7W0B1G8D,2017-05-01
693,E3J7A2X1X9O1B5Y2L,2017-12-27
694,M7H7Z5F7U8A3X0K8P,2018-01-07
695,W6J4B8Q4J6C5Z5D5X,2017-08-05
696,X8G5A2S5Q3T7R9L6G,2017-07-09
697,X7M2P1Y4Q5V7S4U7W,2018-03-11
698,X4B0V2E5K0E2P8A0X,2017-12-31
699,B0A7U0F9B6F5Y0K4C,2018-02-10
700,Y5I1J9Q6S0H9H6D9W,2017-08-03
701,K7T5K7H2Z9V5L4Z2J,2017-05-09
702,L8E0J3M8W1Y0Q1I1V,2017-05-04
703,Y8X0B4I3B6G2N6Y7A,2017-05-24
704,Q7R8A9E8S8Q4I8L2E,2017-07-17
705,G4U2Q1B9W7V4H9C4C,2018-03-10
706,H4M1U1X2R3T7H3P0X,2018-03-28
707,M7Q1E2D9G5K3G2F6I,2017-04-24
708,H0L6H5H5H6L1L7P1O,2018-01-18
709,J8U2D8E8R9E8V2W3H,2017-06-18
710,B3I1L4W0W3E7Y2T9F,2017-06-01
711,O2D2D9A0N5Z6S8C7T,2017-05-23
712,Y1E6V3V2M2L8Q6L9A,2017-09-25
713,H8X6Y7N7A6B9W5D6E,2017-07-21
714,O9W5J5I3B9L2K1I8L,2017-04-20
715,H2W9Q0U5Q6Y5X2D4N,2017-08-17
716,C6O3J9J9A0O0Z0R9C,2017-06-04
717,V0X7F5T5C2Y3O1A1Q,2018-01-27
718,I9S2G8V6Q1O7O4P4D,2017-05-17
719,R9M4T2I8B9P7Z7J3N,2018-04-06
720,Y1S0J1I5B8R3R4S3V,2018-04-13
721,M8K2M6F4J4I6A1H8E,2017-07-01
722,V3V6C5X9R5E4X4J7K,2017-04-18
723,P7M3N2I7V5Q8B0L6X,2017-11-20
724,G5J4C1V1O9K4T9D8Q,2017-07-08
725,V9V8Q8W3Q0L6Z4X5U,2017-04-26
726,J1I1H2M5F5K2Q5E9G,2018-01-29
727,T6J9N8B6W2D3I1P0T,2018-02-19
728,T1L2J9D8G0H2C0T5W,2017-05-31
729,P4U6X7V5Z0C7E3D9S,2018-01-25
730,C4B4Z0B4Q6H6J7I4I,2017-06-20
731,S5A3V9Z8A4E4V1A4C,2017-08-10
732,J6H5O4Y3N1A0D9T3L,2017-10-18
733,Y1O6T6Q5B1X5W7R2C,2017-06-02
734,M9V1P7K6Q9L1B9X3A,2018-03-28
735,Y3R7X4H9S2D5X4G1J,2018-03-06
736,U8I4I1N9R8O5E1O8G,2017-07-07
737,P2A6K4Q8F9B7K4G6L,2018-03-04
738,D7X6V1X1U4Y6S8I9D,2017-09-12
739,P0T4H8C6D6G1K1D4I,2017-06-25
740,G5S3G3M8T0G5T3P0M,2017-06-02
741,R2O0U5W3W9N0U0K4T,2018-03-16
742,O3C7R6R9V4W6Z6O5N,2017-06-16
743,L8X5C5Y9B0K0E3U8U,2017-05-07
744,U6C8S9J1L9J5K2O3O,2017-06-10
745,D1B0H5T1R7V2B3G1I,2017-10-13
746,M8T1M0Z2G1T9M8Q4G,2017-11-20
747,X3Q0W4H2O8P1N3H3A,2017-09-16
748,Y9I4J9Y3X1X7M9R8V,2017-04-18
749,A7H4E4V0T5B4V9X7C,2017-10-15
750,E7X3U8T1P7I6D6U0Q,2017-10-19
751,X6N8K4F5W7X1E0R8M,2017-06-15
752,T0S8U5L3S5X3H9R8M,2018-01-11
753,G7M8U1J4O7I4A0V8P,2017-10-15
754,B0T1N1L9J8F0B6S0R,2018-01-07
755,Y1Y6S1C2D0Z7G1E0B,2017-08-29
756,T4S8D6A7Q7V4R8M1Q,2017-05-28
757,Q3L1C2J8Z3N3X3Y4P,2017-11-28
758,Z9R9J3N4K2J5N2M0Y,2017-11-14
759,D0D4M2M7P6F3N0C5O,2017-04-18
760,P5V1H3U9X0E9L3H1G,2017-06-05
761,I2A7P8B6U8U8V1B6R,2017-07-01
762,O0D8G0V6Y2U3B0P1K,2017-09-21
763,G4G4S2Z6X9W3P3E3M,2017-12-28
764,A8R2U1F9J0M1R9Y4I,2018-01-03
765,B6T4S0I9Y8A8Z5J2R,2017-11-20
766,H5I5K1V7B5Z5F8S1N,2018-02-04
767,Z1U6Y2U8I3U8H2S6I,2017-04-14
768,N0H1K7L9S1L0O1W0Q,2017-10-19
769,L8U1P7Q7P7E6J6Q4J,2017-12-18
770,N3U1K6V3F0G7L1O0T,2017-11-07
771,G5D8A6G9L3N6B4K5P,2017-07-08
772,D7N1H9P2S1U5Z4G2C,2017-09-26
773,Z2O0T0M5Q9P9X0S2I,2017-06-24
774,M9E3J5P1A4R4K3S3J,2017-04-17
775,M0N1G8S1F9Y2P3I7W,2017-11-08
776,M6C4D6Q9H6V9E0W1F,2017-07-24
777,D7M1G1J5K9S8G1X5R,2017-10-15
778,J7D0O0K1R3T3N9M8C,2017-07-19
779,B9O8D4U5O9V9D3L4X,2017-06-09
780,I4J4A4Y2X3D9A4R4Y,2017-10-03
781,C7F4Z3X2M4L3V2S1U,2017-11-01
782,W1N9O2G6M0W5P4A3J,2018-01-02
783,E5Y0B3F0Z2P3P5U9K,2017-10-04
784,P4T9Z2W9Z8Q5T2X5T,2018-02-15
785,E8U7Q5F4L3T1D8O1D,2018-04-03
786,A1C4M1C4J2A3N3I4R,2017-12-09
787,N1O3L3K5I3O9S2D3Z,2017-12-09
788,M8R1E0P1L8F5V4T5K,2017-08-06
789,P4F2K5V7D7N4E6T2A,2017-08-21
790,B7B3W5A0P3E5U2K4L,2017-10-22
791,Z1G7T0T5B8N0B5J2J,2017-12-13
792,Q4E0H7S3B8V3W4Y0H,2017-07-10
793,J9C0B8L1E9F8P5M2I,2017-11-22
794,D0Z9F9J2F0Y4T0J0J,2017-11-20
795,C5W6A4U1N1C4R7B2S,2018-03-30
796,R1M2O5S0X2Z3Q8S8B,2017-09-08
797,H3E2X6Q1L1W0Q1W9P,2018-03-25
798,T0C1Q7V5G0A3O9R1H,2018-01-01
799,P1L0J1I1P2V1I6Y2D,2017-10-17
800,M4H8R6S9D9C7C3I6E,2017-06-13
801,H0D4F2P3S1S6N0Y5E,2017-07-19
802,B8X0V5D5D1E2M8B0F,2017-07-06
803,X2R2H5L2M6E7E2M9V,2017-09-23
804,V2D0Z0V2Q7A5A7J8E,2017-07-30
805,X1S9G0F8Z9Q8B5G8P,2017-05-22
806,I7U4U9T4U8F9K0D2S,2017-11-25
807,C6R7G6P9V9N0E9P2E,2018-01-14
808,M4I8W0O4S6A0P3C2Q,2018-04-12
809,X7G2U6N2Q1A9D5U9H,2018-02-11
810,G7M1D2J5D0I0C7W7W,2017-06-03
811,W9H9P8M9C3R9R2R5P,2017-10-23
812,Q9Z9C2Q7V4J3E6I9E,2017-04-24
813,K4Y0E4Q9H9U3D8H4A,2017-10-07
814,G2Q9J7X9O2G6N7Z7Y,2018-02-18
815,V9A5O1Z1V7Q0T0B3J,2017-10-05
816,S5G9B8Q8D9H2M0Q9W,2017-07-09
817,A0L6L6P5E1K8I6U6I,2017-05-28
818,M2D5S3I2C4A6C2G0T,2018-02-26
819,T7W5L4F1K6P8I2S7B,2017-11-27
820,C9V4G9S4Q9Z0K5D6T,2018-01-23
821,G7Q4N1W2S1P6A5M1Q,2018-04-04
822,X9K2V2F8B0R9O8J1X,2017-09-18
823,E4R1M3U6V5D6F1U1F,2017-05-29
824,R0G3A7T3S4U4W1G2H,2018-02-02
825,R0I6F2V8C5V5B6S7U,2018-01-17
826,I2T9R2N2T2S4T0B9F,2018-01-31
827,C2A4O5L3M6V1C9V3D,2018-01-03
828,O9B7W5F8Z0G1N0K8J,2017-05-10
829,I8U6E4D8U9F8N7L1Z,2018-01-15
830,G1J3C1E5N3L8H1G3B,2017-08-09
831,Y2Z1U6H8W7D3X7L1I,2017-10-10
832,M6U9D4D2X9N1E6M7Y,2017-08-28
833,F5K0E3A5M3Q8T1R6E,2018-01-18
834,V9K8V7O8Q3O5B0P4B,2017-10-25
835,M8T9Q7C1E4V0H4P3U,2018-01-18
836,H9T9C8Q4G3C9G2H9N,2017-09-20
837,K1M1C3S7U8H2G8O1L,2017-11-20
838,T5W9I8A4Q6S3H2M7V,2017-09-15
839,Q9B3X1O2Y4W4D0S5N,2018-03-07
840,M4Q2D6R5R1C7F0H7M,2017-04-27
841,J3T8T5Y9T9I1I1I2P,2017-05-14
842,K0A1T9I5W2D6A5B6L,2018-04-04
843,L2I8H3K5H5X0N5C5B,2017-04-24
844,X4R1N1G1F2B1W4X2K,2018-01-11
845,K5V6Q4O9U8M1T9U3T,2017-05-05
846,E1A1K5U1K2V4X8E5X,2017-10-15
847,B2L0T5K0F1J4C6K2Q,2018-02-11
848,A4B8T8V2V2M7T8H4R,2017-08-19
849,X3K0O3V6X1X7H5X8G,2017-10-23
850,N1B3Y7Y2N3E9S8S7A,2017-12-06
851,W8E8X6M9S7R6U2U5O,2018-02-24
852,M2C8J0C2G6L3S3Q0Z,2017-08-07
853,J7D4R6A4Y0O7M0M5A,2018-02-06
854,X4M6W9L4P7T3J7Z3Q,2017-08-27
855,M2K4K5R8L3K4S3C5F,2018-02-28
856,K2Z2H5I7V4C7L3L1I,2018-01-10
857,W8V2F9J5O6I2J1G1T,2018-01-06
858,T0X6J5Y4Z5E4U9P0P,2017-08-27
859,U3I3W6U8C8R2S8Z0N,2017-05-12
860,Z0K4G8O0L7M9W3W5F,2017-12-04
861,J6Q3C1F7I4A2P9I5L,2017-12-29
862,Y3K7V4X3Y5F9Z5E0Q,2017-09-07
863,Z9K7Y4C7V9R5B0Y2S,2017-12-04
864,Q2H7U0K9S3D6V8M1X,2017-05-16
865,X1M3U5R8W2V0R6H2F,2017-09-22
866,L8Y7C3S8H0E4W0S7B,2017-06-06
867,E2N4Q9P5F7U0M8G8Z,2017-04-18
868,P0O2S0G1N7E5H9G3M,2017-12-08
869,M1B8K9G3U2M7K4P5P,2017-09-16
870,C9N0B5A0S6Q4S6W0C,2017-10-15
871,U1V2B8G0K4S8W7M6B,2017-06-07
872,R7G9M5C5T0C0H6O5N,2018-02-16
873,Y8Z1X3B5A4I8R4X3N,2017-06-14
874,S7P0H2F7J7C8B2Z2L,2018-03-04
875,O5K1Q7V7Z3Z9T4C6S,2017-04-19
876,L3T3N8V1Y3U4D7J8Y,2017-05-09
877,K1V0Q4M6G6J1S6J9S,2017-08-10
878,N3N9R0U4N8Y4L7X4W,2017-07-03
879,Z2T9E2O1G0F6I3Y8F,2017-07-28
880,R4T6U0Y0O3A0N8P8Q,2017-07-03
881,L6O2E8Y2J7L4A1B0C,2017-04-25
882,U2H3J1M9L9A6H9Z0R,2017-04-19
883,P9U5J6G4R3W7W8Q8L,2017-11-11
884,M1L6Y2W0U9W1A5F5I,2017-06-09
885,A2G6D1T4K6G7P8S7S,2017-12-30
886,B7O2N5H0D6V8P1W2R,2017-09-14
887,F8Q6W1P1N2B1P2E9Z,2017-12-31
888,H0C1Y7Y7X9M0G8C7I,2017-12-18
889,Q2S6E8V3W5M5R7O6X,2018-03-17
890,X9E5N9M5E1K1T5I7W,2017-07-29
891,I9T7F5E0B3P3R9F2R,2017-05-08
892,B4B6O5Q7R8W2Q6C3P,2017-10-23
893,G3P5Q7T7P9I1E6U3P,2017-07-07
894,G5I8H0Y7U3N7L5J2M,2017-07-06
895,S0O8Y5I9M7S8L3S2Z,2018-01-26
896,I6J6O8I6R6J5V6O0Y,2017-05-18
897,V8X2U5J3H3B6U7D3L,2017-06-09
898,L9V7U6K0C5V0F6X2T,2017-08-12
899,D5M3W0Y9W4O2J0T9P,2018-01-08
900,L9R8R4Y2Z3H1Y8F4F,2017-10-18
901,J3N0K7C9C5R1B6Q8D,2018-03-22
902,P5C1Y1M4L7D6X5B1K,2017-04-22
903,V7B6D2W4H8F7D0B6G,2018-01-11
904,U8S7G5R4O9W9S8B3R,2017-05-01
905,T4Q0E3I9I1B9B5I3Y,2017-07-14
906,T0W0H9U3B4H7R5Q3O,2018-02-12
907,N1J3N4S2F3M1K8H5H,2017-11-08
908,W3Q3I9T8N4N0U4K6M,2017-10-27
909,N9T7A2W5V9W0S8W8S,2017-12-24
910,V9F9X6I5Q0U0T3Q6N,2018-02-01
911,M2R9W8R7X0K2S3Y3U,2017-06-21
912,G1R4H0T8Z7O2U9W6M,2018-03-21
913,X6I4Y9C8D8L2W9X1W,2017-10-21
914,G8P2B9W8Q1O9P2E1V,2018-02-24
915,A6Q6C1L0R0J8K5G8Z,2018-01-22
916,U1V2V5U4S8Z7N3H9N,2018-01-30
917,Q7C0R8A4S9F4Y0Q8F,2017-10-31
918,B8F4C2P7J0D0X1R1E,2017-08-12
919,G9G2N6T1D4N5H9E9X,2017-08-01
920,W9B5T9S8H3K4G7V1S,2018-04-01
921,W9P4F3O3O0G1N7Z8O,2017-06-29
922,U6U8S8P5Q5Z4E7I1E,2017-10-05
923,H0D1I8V0S5G2S3O9F,2017-04-25
924,F6L2A7M4U4Y5E0S5T,2018-01-20
925,W5F8W2F0R4I9O2Y9Z,2017-06-21
926,T8U7H3U4T9M5F9S9S,2017-06-27
927,H0Y1E6W1U4H8O3J0D,2017-09-11
928,F3I4T5L7Y9Y8R9G8G,2017-08-30
929,F8C0P5R3L5D9R8D1F,2017-06-26
930,W5E2E8W7M9U1L6V5P,2017-09-11
931,M7J3I7Z6A5M5Z7B0C,2017-11-08
932,W9B3M4A8T8F0R0F2M,2017-09-25
933,R3H9Z4D6L1S3G4X8J,2017-06-27
934,T4P8B1R2Q4M5K7L8O,2017-07-11
935,L8C3I4C2J5W8P9B2V,2017-11-06
936,B2R4N9F2F4B4U6Q0Z,2018-03-03
937,R4F8L6A6J8Z0H8Z8D,2018-04-10
938,Q7W9U8G9G5G0M8S4A,2018-04-01
939,X2I6F8Y2X6L3I8J7I,2018-02-09
940,X7K1V9V3U2A7Q8U3H,2017-06-22
941,G5I5F7V4H0N9F8A5B,2017-08-30
942,F3O7R3E6H8C1X9W5T,2017-09-16
943,Q0S0F3R9O9U4T0S5Z,2018-03-10
944,L4U0G2I3W2T1R1K3W,2017-10-07
945,O9R6P2J1O1Q1C0H9P,2017-06-06
946,R1P2J8W5R3U8L0B9S,2017-10-15
947,V5A7H1V8O8G9S5Z2S,2017-11-29
948,Z8D5X8R9H9U0A6B6F,2017-11-15
949,L1D2O3A1H8L9N4T4M,2017-07-13
950,S3B8N1U4T5O5I1Q8F,2017-04-23
951,L8N7U7W9Y5T3B1R4E,2017-10-08
952,C4V4V7Z0F3I3I8E1I,2017-12-07
953,V3H4F2E1Y9M1J6E7Y,2017-09-14
954,L2S1F4E1S2F4G7G3Z,2017-07-12
955,F2B2A7I2W7V6X6G5N,2017-09-02
956,U5G6P2K5B7U1X6I1W,2018-01-11
957,L7J1J2P3S3I4Y9A8E,2017-06-25
958,F3U8I4O4D7U0K1B4B,2018-02-11
959,P7P1T9L7B4Y8P3R4Z,2018-02-15
960,S7K3N8F5J7H7X3G7S,2017-04-25
961,J7O3V4H9D5N8Z2P1E,2018-02-06
962,G4D4D1H8C0A1R0N6F,2017-12-06
963,F4F7G8X2H8J1A2A7C,2017-06-02
964,N1D4D0O1U6D5B0C4H,2017-11-12
965,J7Y2O2U7M6L1S8D3H,2017-09-12
966,O2A5K0R2L1Y6M3Q1R,2017-12-12
967,I3Z8X0L7Y9L3V2O0Z,2017-06-13
968,K9W0U2T0E7G3U2H2J,2017-05-08
969,R1B2N4I5R1P7A4J4T,2017-08-30
970,S8I9J6F5C0D7C5I6N,2017-08-10
971,A0C7G0G5G0E0Q0X0T,2017-10-03
972,Z4Y8W6L2E5Z5G4Q8S,2018-01-14
973,R2O7N1S1J8H8X6T9J,2017-08-20
974,B4E1P2A9Y2O7Y6C2A,2017-06-26
975,C1L1Q8B3Q7S6V2P0Q,2017-12-31
976,M9Y7L8S3C1L8O1E2L,2018-01-30
977,V9I8D7D4C4N0T1Q5U,2017-12-23
978,H3Z7Q9D1X4X2Z9Y1K,2017-09-11
979,C8C9B9L6F7S2O1R0M,2017-10-21
980,Z9D6N3U4Y2M1B0O5C,2018-04-10
981,Y4M7T7I5E0I2H2X4Q,2017-12-19
982,A5G6K4T4C4P0S5G1W,2017-08-04
983,M0W9O6N0W9Z4W9A9H,2017-11-24
984,K0S6P6O0P3C0O3O8E,2018-04-06
985,J7J7S7W3U6N2R6G5R,2017-09-18
986,H3N9B7M5W5F4H9K7N,2018-01-11
987,W6U7G2D0R4N2V7S4O,2017-06-18
988,N8G1F7G6N5P1O7C3P,2018-01-30
989,T2D5W5N2Q4H1D7X0V,2017-08-09
990,L6R6D7D4Q9W1F8Z5W,2018-03-02
991,U6L6P6V8S2F1L7Z7Z,2017-06-29
992,X8G8D4Q5K6C1J0W2G,2018-02-15
993,Y3X3G8N3J6M2D6N1J,2017-10-30
994,U4D1Z5Q8K0S5H7P8O,2018-03-15
995,I9J7I7E3T5S2Z1E9P,2018-03-24
996,E3Z0Y9Z2K5B6A2S5N,2017-12-11
997,Q3E1T7L6G5W9A8O5T,2017-12-30
998,M4B8S7R1G7O4S7F8N,2017-10-30
999,V3B3N2J3Y5G0U0J6E,2018-02-18
1000,L1K1V8L4J4G9G9O3F,2017-05-27
