saleID,salesPersonID,customerID,dealerID,total,date
1,1,1,1,73389236.99,04/21/2017
2,2,2,2,67105580.66,03/22/2017
3,3,3,3,65809395.07,03/18/2018
4,4,4,4,23298199.49,12/10/2017
5,5,5,5,68214299.64,07/09/2017
6,6,6,6,84583642.53,03/25/2018
7,7,7,7,71849226.34,04/03/2018
8,8,8,8,63397620.65,03/26/2018
9,9,9,9,99955897.3,10/06/2017
10,10,10,10,74165237.67,05/17/2017
11,11,11,11,22385227.43,06/23/2017
12,12,12,12,22874818.89,06/07/2017
13,13,13,13,57360420.58,09/22/2017
14,14,14,14,39837187.35,08/06/2017
15,15,15,15,57228015.56,07/15/2017
16,16,16,16,69885378.86,12/21/2017
17,17,17,17,69602722.84,05/15/2018
18,18,18,18,79359719.4,03/06/2018
19,19,19,19,59906719.51,02/14/2018
20,20,20,20,70395103.48,11/29/2017
21,21,21,21,74529123.42,01/29/2018
22,22,22,22,47860150.11,05/03/2017
23,23,23,23,47536312.08,12/07/2017
24,24,24,24,58741273.66,05/18/2017
25,25,25,25,55829533.98,05/19/2018
26,26,26,26,86510931.5,09/23/2017
27,27,27,27,63367983.49,04/30/2017
28,28,28,28,11516747.5,09/26/2017
29,29,29,29,24818864.95,02/06/2018
30,30,30,30,46596021.64,02/14/2018
31,31,31,31,25889101.11,08/18/2017
32,32,32,32,82594333.08,03/13/2018
33,33,33,33,70142915.25,03/24/2017
34,34,34,34,55466496.18,08/05/2017
35,35,35,35,45073848.69,02/24/2018
36,36,36,36,59346124.57,04/08/2018
37,37,37,37,85249605.28,08/22/2017
38,38,38,38,57164376.93,08/06/2017
39,39,39,39,95470396.65,05/23/2017
40,40,40,40,54949456.17,08/10/2017
41,41,41,41,37300473.26,08/05/2017
42,42,42,42,89320079.8,02/01/2018
43,43,43,43,49776065.41,12/12/2017
44,44,44,44,42699736.56,09/03/2017
45,45,45,45,30367693.53,04/14/2017
46,46,46,46,98428737.1,03/28/2017
47,47,47,47,70676184.14,02/11/2018
48,48,48,48,69146812.4,04/26/2018
49,49,49,49,70353328.91,03/31/2018
50,50,50,50,46730547.8,05/01/2017
51,51,51,51,77311250.52,05/07/2017
52,52,52,52,7150534,04/15/2018
53,53,53,53,24446290.65,11/02/2017
54,54,54,54,48084869.76,08/20/2017
55,55,55,55,37254928.04,05/16/2017
56,56,56,56,10495351.22,12/08/2017
57,57,57,57,40740567.38,04/25/2018
58,58,58,58,98685200.15,06/16/2017
59,59,59,59,14798027.01,06/20/2017
60,60,60,60,19328668.5,06/11/2017
61,61,61,61,88606633.87,10/10/2017
62,62,62,62,6084522,05/12/2018
63,63,63,63,36933295.08,04/24/2018
64,64,64,64,68868131.22,08/16/2017
65,65,65,65,37665231.83,09/24/2017
66,66,66,66,45404347.41,04/13/2018
67,67,67,67,8846620,05/19/2017
68,68,68,68,75617159.6,05/10/2018
69,69,69,69,1016633.56,06/22/2017
70,70,70,70,72068125.69,01/04/2018
71,71,71,71,60144770.74,08/16/2017
72,72,72,72,22214119.34,06/26/2017
73,73,73,73,36581752.61,07/17/2017
74,74,74,74,12605291.38,08/15/2017
75,75,75,75,73365148.54,11/23/2017
76,76,76,76,7552421.87,11/09/2017
77,77,77,77,19966241.12,04/26/2017
78,78,78,78,70329909.07,12/09/2017
79,79,79,79,96977992.05,02/28/2018
80,80,80,80,83759838.24,10/13/2017
81,81,81,81,43680373.35,01/20/2018
82,82,82,82,11702388.73,04/14/2017
83,83,83,83,75525012.95,03/28/2017
84,84,84,84,32018379.21,04/16/2017
85,85,85,85,90553596.43,01/23/2018
86,86,86,86,64512380.24,11/28/2017
87,87,87,87,60963804.02,06/19/2017
88,88,88,88,89591482.85,01/13/2018
89,89,89,89,98647228.77,05/13/2018
90,90,90,90,82033227.08,05/06/2017
91,91,91,91,21562555.12,02/19/2018
92,92,92,92,20149318.32,02/15/2018
93,93,93,93,83803303.04,05/09/2017
94,94,94,94,7152104,12/30/2017
95,95,95,95,63754013.11,05/18/2018
96,96,96,96,62640855.67,04/23/2018
97,97,97,97,72785522.43,07/10/2017
98,98,98,98,54104865.41,03/23/2017
99,99,99,99,29751196.46,01/09/2018
100,100,100,100,62498548.02,11/06/2017
101,101,101,101,70400985.76,05/18/2017
102,102,102,102,85187937.6,05/03/2018
103,103,103,103,58119469.01,02/14/2018
104,104,104,104,2001111.98,05/30/2017
105,105,105,105,53616168.21,11/03/2017
106,106,106,106,38597951.8,05/15/2018
107,107,107,107,33894236.18,08/30/2017
108,108,108,108,97695143.45,10/14/2017
109,109,109,109,38287844.51,09/30/2017
110,110,110,110,38032662.6,11/15/2017
111,111,111,111,62029785.56,01/16/2018
112,112,112,112,14208763.91,08/01/2017
113,113,113,113,22356586.36,06/13/2017
114,114,114,114,16015101.44,04/22/2018
115,115,115,115,63327712.55,02/01/2018
116,116,116,116,67619651.06,07/14/2017
117,117,117,117,56037727.62,06/24/2017
118,118,118,118,69652515.53,05/31/2017
119,119,119,119,35937529.66,01/10/2018
120,120,120,120,9649823,12/31/2017
121,121,121,121,59929130.96,08/21/2017
122,122,122,122,50297540.91,01/04/2018
123,123,123,123,68751851.98,05/13/2017
124,124,124,124,71291170.94,11/11/2017
125,125,125,125,64874727.18,05/04/2018
126,126,126,126,68279230.65,03/18/2018
127,127,127,127,75950708.41,07/26/2017
128,128,128,128,23250495.67,02/12/2018
129,129,129,129,977776.91,04/11/2017
130,130,130,130,86702948.38,09/01/2017
131,131,131,131,2291856.21,09/10/2017
132,132,132,132,40950568.73,11/23/2017
133,133,133,133,2148099.13,05/18/2017
134,134,134,134,68258920.34,09/11/2017
135,135,135,135,5775810.41,01/16/2018
136,136,136,136,24628732.56,11/08/2017
137,137,137,137,87222029.94,10/06/2017
138,138,138,138,25577060.74,09/27/2017
139,139,139,139,24839327.11,10/03/2017
140,140,140,140,44535057.21,12/19/2017
141,141,141,141,49441948.34,05/29/2017
142,142,142,142,10174624.12,04/07/2018
143,143,143,143,11305750.24,09/19/2017
144,144,144,144,61254825.21,11/09/2017
145,145,145,145,10607879.58,08/25/2017
146,146,146,146,53550681.86,11/11/2017
147,147,147,147,21700979.19,10/09/2017
148,148,148,148,87460184.77,03/26/2017
149,149,149,149,90304114.45,01/25/2018
150,150,150,150,25385597.45,12/19/2017
151,151,151,151,80601516.75,05/16/2018
152,152,152,152,51606099.86,12/15/2017
153,153,153,153,90408047.56,01/27/2018
154,154,154,154,39293634.16,02/13/2018
155,155,155,155,48032749.02,06/18/2017
156,156,156,156,73057268.27,08/15/2017
157,157,157,157,97042235.32,11/30/2017
158,158,158,158,46749393.38,11/12/2017
159,159,159,159,46030757.74,11/08/2017
160,160,160,160,10335493.87,05/14/2017
161,161,161,161,37699651.52,08/12/2017
162,162,162,162,88172656.51,05/07/2018
163,163,163,163,55615862.23,04/20/2017
164,164,164,164,89532455.99,12/09/2017
165,165,165,165,18381053.5,06/04/2017
166,166,166,166,51133715.67,06/16/2017
167,167,167,167,29951524.98,12/07/2017
168,168,168,168,26796015.85,03/10/2018
169,169,169,169,46913882.44,06/10/2017
170,170,170,170,41410784.24,04/01/2017
171,171,171,171,14857269.73,11/30/2017
172,172,172,172,11979743.12,07/13/2017
173,173,173,173,5359721,03/23/2018
174,174,174,174,84842204.98,03/11/2018
175,175,175,175,61530097.11,11/02/2017
176,176,176,176,60818395.55,02/24/2018
177,177,177,177,15133451.55,02/23/2018
178,178,178,178,99910580.16,11/03/2017
179,179,179,179,57668418.91,04/22/2018
180,180,180,180,73684736.15,05/13/2017
181,181,181,181,73991389,04/14/2018
182,182,182,182,25534807.25,10/13/2017
183,183,183,183,17062702.56,06/02/2017
184,184,184,184,3254622.63,05/26/2017
185,185,185,185,9952807,07/15/2017
186,186,186,186,63764907.21,03/31/2017
187,187,187,187,5157932.51,10/03/2017
188,188,188,188,383968.97,05/21/2018
189,189,189,189,85372699.05,12/28/2017
190,190,190,190,45298259.86,04/25/2017
191,191,191,191,29527034.32,03/20/2018
192,192,192,192,67909232.57,06/10/2017
193,193,193,193,6064826,02/26/2018
194,194,194,194,45580766.73,10/17/2017
195,195,195,195,35972950.28,08/15/2017
196,196,196,196,62442187.44,07/31/2017
197,197,197,197,22495205.79,01/31/2018
198,198,198,198,74446395.98,08/25/2017
199,199,199,199,85899198.52,09/06/2017
200,200,200,200,20770522.24,03/11/2018
201,201,201,201,89771501.68,01/16/2018
202,202,202,202,3976146.24,12/27/2017
203,203,203,203,76155368.28,05/02/2017
204,204,204,204,60502915.02,04/30/2018
205,205,205,205,50168586.43,05/30/2018
206,206,206,206,50193195.09,09/12/2017
207,207,207,207,4256481,04/28/2018
208,208,208,208,64491.85,12/04/2017
209,209,209,209,63718209.36,07/21/2017
210,210,210,210,76208030.04,10/08/2017
211,211,211,211,27660094.38,04/23/2017
212,212,212,212,38640486.66,09/24/2017
213,213,213,213,98777244.07,03/25/2018
214,214,214,214,53906865.03,08/11/2017
215,215,215,215,51930330.58,04/20/2017
216,216,216,216,89824894.88,04/06/2017
217,217,217,217,4884983,04/28/2018
218,218,218,218,11315419.63,10/07/2017
219,219,219,219,79691854.63,09/18/2017
220,220,220,220,88246515.72,02/17/2018
221,221,221,221,73354104.59,08/07/2017
222,222,222,222,20375213.58,02/01/2018
223,223,223,223,45698798.37,03/20/2018
224,224,224,224,6754288.55,09/13/2017
225,225,225,225,64975417.13,07/27/2017
226,226,226,226,13152069.43,02/26/2018
227,227,227,227,31026609.92,11/23/2017
228,228,228,228,76417827.9,11/23/2017
229,229,229,229,70649355.68,03/03/2018
230,230,230,230,13601325.27,03/19/2018
231,231,231,231,4524943.51,07/08/2017
232,232,232,232,33779630.67,12/18/2017
233,233,233,233,40636641.97,05/16/2018
234,234,234,234,92878494.03,07/12/2017
235,235,235,235,11969089.79,05/06/2017
236,236,236,236,76416531.31,01/29/2018
237,237,237,237,38420913.52,11/29/2017
238,238,238,238,80616362.39,04/27/2017
239,239,239,239,25634653.67,09/28/2017
240,240,240,240,88534421.73,11/02/2017
241,241,241,241,17586539.78,12/02/2017
242,242,242,242,89017718.34,05/27/2017
243,243,243,243,45330263.26,05/02/2018
244,244,244,244,43589083.95,09/27/2017
245,245,245,245,78930903.19,11/11/2017
246,246,246,246,98646527,04/03/2017
247,247,247,247,31837963.11,01/05/2018
248,248,248,248,70475688.74,09/04/2017
249,249,249,249,5940677,12/04/2017
250,250,250,250,47164048.55,08/30/2017
251,251,251,251,47717114.15,03/23/2018
252,252,252,252,98072904.27,04/17/2017
253,253,253,253,22220533.35,10/05/2017
254,254,254,254,92587215.72,03/29/2018
255,255,255,255,96269229.57,12/22/2017
256,256,256,256,4798476,04/17/2017
257,257,257,257,16982751.67,08/19/2017
258,258,258,258,56541856.94,11/09/2017
259,259,259,259,18596881.72,04/09/2018
260,260,260,260,33290055.05,06/24/2017
261,261,261,261,77844137.18,05/25/2017
262,262,262,262,14659093.83,04/18/2018
263,263,263,263,65027877.56,11/30/2017
264,264,264,264,22917278.3,06/04/2017
265,265,265,265,44362455.55,04/22/2018
266,266,266,266,37616948.81,04/03/2018
267,267,267,267,52134970.35,09/10/2017
268,268,268,268,45670246.42,12/28/2017
269,269,269,269,12488151.89,01/20/2018
270,270,270,270,99312267.98,12/08/2017
271,271,271,271,42077162.81,04/20/2018
272,272,272,272,33531062.67,08/25/2017
273,273,273,273,49977409.56,10/15/2017
274,274,274,274,42953524.04,10/31/2017
275,275,275,275,59290580.89,05/31/2017
276,276,276,276,69389056.38,12/15/2017
277,277,277,277,5613718.43,02/12/2018
278,278,278,278,65308839.83,04/22/2017
279,279,279,279,7472904,05/02/2018
280,280,280,280,75265707.91,03/27/2018
281,281,281,281,65618561.23,11/30/2017
282,282,282,282,97193820.94,03/05/2018
283,283,283,283,81319988.89,10/25/2017
284,284,284,284,38018901.56,12/02/2017
285,285,285,285,12155043.62,05/24/2018
286,286,286,286,72619973.66,06/06/2017
287,287,287,287,86458337.92,10/25/2017
288,288,288,288,95866546.19,07/04/2017
289,289,289,289,98846685.02,11/14/2017
290,290,290,290,36818337.07,01/07/2018
291,291,291,291,94478167.69,12/03/2017
292,292,292,292,26275944.3,04/22/2018
293,293,293,293,5612862,04/10/2018
294,294,294,294,16730132.83,03/13/2018
295,295,295,295,40319978.55,05/16/2018
296,296,296,296,17927307.41,10/08/2017
297,297,297,297,69637022.11,05/18/2017
298,298,298,298,4902345,04/23/2018
299,299,299,299,92821466.2,04/03/2018
300,300,300,300,45574232.11,02/03/2018
301,301,301,301,33689800.28,04/19/2017
302,302,302,302,88885756.35,05/01/2017
303,303,303,303,37602631.36,07/20/2017
304,304,304,304,90278411.8,01/24/2018
305,305,305,305,4703002.16,02/25/2018
306,306,306,306,87612559.21,12/28/2017
307,307,307,307,87728893.27,07/13/2017
308,308,308,308,39969004.82,04/08/2018
309,309,309,309,18573334.21,05/10/2018
310,310,310,310,59457627.68,08/14/2017
311,311,311,311,51701936.56,09/07/2017
312,312,312,312,98187912.9,02/12/2018
313,313,313,313,70806351.31,04/25/2017
314,314,314,314,69939989.51,10/20/2017
315,315,315,315,52734297.8,09/14/2017
316,316,316,316,77208913.98,02/07/2018
317,317,317,317,29422612.24,05/26/2017
318,318,318,318,49843780.09,03/28/2017
319,319,319,319,62097663.05,04/09/2018
320,320,320,320,84017039.17,12/12/2017
321,321,321,321,54209852.89,07/23/2017
322,322,322,322,62967021.72,03/28/2018
323,323,323,323,38318049.4,05/09/2017
324,324,324,324,12187921.09,03/29/2017
325,325,325,325,36275419.4,09/11/2017
326,326,326,326,49114375.52,01/12/2018
327,327,327,327,7780674.28,12/03/2017
328,328,328,328,93101367.61,03/15/2018
329,329,329,329,4216436,03/04/2018
330,330,330,330,78830470.95,05/06/2018
331,331,331,331,46533575.05,01/17/2018
332,332,332,332,48110875.63,09/28/2017
333,333,333,333,72791606.46,09/11/2017
334,334,334,334,664793.79,04/14/2017
335,335,335,335,69092900.59,11/13/2017
336,336,336,336,70618931.76,03/27/2018
337,337,337,337,85971033.84,05/13/2017
338,338,338,338,16909662.34,01/11/2018
339,339,339,339,96464871.56,03/02/2018
340,340,340,340,65948610.42,01/14/2018
341,341,341,341,47667851.79,06/29/2017
342,342,342,342,74745685.57,12/24/2017
343,343,343,343,58098099.61,11/30/2017
344,344,344,344,28933943.46,05/24/2017
345,345,345,345,4220770.58,09/14/2017
346,346,346,346,96692579.4,07/04/2017
347,347,347,347,51249045.01,12/18/2017
348,348,348,348,71271668.03,03/02/2018
349,349,349,349,48793903.51,04/12/2017
350,350,350,350,15268758.12,04/11/2017
351,351,351,351,8662059,08/18/2017
352,352,352,352,23828433.3,08/22/2017
353,353,353,353,72490001.9,08/11/2017
354,354,354,354,8295406,05/19/2018
355,355,355,355,79455146.58,05/27/2018
356,356,356,356,5557859,08/05/2017
357,357,357,357,74074949.15,09/21/2017
358,358,358,358,29597514.58,02/25/2018
359,359,359,359,82819432.26,06/20/2017
360,360,360,360,78809578.06,06/25/2017
361,361,361,361,76775606.74,07/23/2017
362,362,362,362,44526539.22,03/24/2017
363,363,363,363,78273450.1,12/30/2017
364,364,364,364,64312604.4,03/29/2018
365,365,365,365,7272896.26,02/21/2018
366,366,366,366,25155821,04/23/2018
367,367,367,367,71654830.79,11/11/2017
368,368,368,368,75400691.71,07/20/2017
369,369,369,369,53919222.87,05/23/2017
370,370,370,370,78050482.03,12/09/2017
371,371,371,371,12093770.98,12/02/2017
372,372,372,372,1885078.04,06/06/2017
373,373,373,373,8436772,05/05/2018
374,374,374,374,69822305.87,04/04/2017
375,375,375,375,40787670.07,10/27/2017
376,376,376,376,16522464.31,06/11/2017
377,377,377,377,19083192.22,05/24/2018
378,378,378,378,98075836.42,09/16/2017
379,379,379,379,47492270.7,02/07/2018
380,380,380,380,52722223.49,03/08/2018
381,381,381,381,91168435.44,04/26/2018
382,382,382,382,30074661.62,05/16/2017
383,383,383,383,66901266.82,03/06/2018
384,384,384,384,53629031.33,05/13/2018
385,385,385,385,40030692.46,05/15/2018
386,386,386,386,62031887.08,07/13/2017
387,387,387,387,71401151.35,01/11/2018
388,388,388,388,91598341.8,08/08/2017
389,389,389,389,29721397.83,04/28/2018
390,390,390,390,4033365.35,06/11/2017
391,391,391,391,84499392.07,07/30/2017
392,392,392,392,62069697.71,02/18/2018
393,393,393,393,38739431.95,05/05/2017
394,394,394,394,87166414.21,10/13/2017
395,395,395,395,99836009.25,01/28/2018
396,396,396,396,96957187.03,03/31/2017
397,397,397,397,60079121.61,12/28/2017
398,398,398,398,6138123,10/03/2017
399,399,399,399,38877750.36,04/03/2017
400,400,400,400,28439943.2,10/27/2017
401,401,401,401,59874193.58,08/28/2017
402,402,402,402,90769937.7,02/12/2018
403,403,403,403,7888334,01/02/2018
404,404,404,404,57260636.08,10/05/2017
405,405,405,405,99359769.58,05/29/2017
406,406,406,406,97289747.38,07/04/2017
407,407,407,407,50662821.18,04/07/2017
408,408,408,408,80127473.31,01/13/2018
409,409,409,409,98429542.55,08/06/2017
410,410,410,410,50291278.21,03/16/2018
411,411,411,411,45222461.1,07/17/2017
412,412,412,412,39908510.85,12/12/2017
413,413,413,413,65885322.7,09/24/2017
414,414,414,414,43405364.35,05/02/2017
415,415,415,415,36597754.41,10/13/2017
416,416,416,416,63012814.68,01/02/2018
417,417,417,417,28640138.92,06/29/2017
418,418,418,418,35348804.29,01/12/2018
419,419,419,419,71380487.35,04/20/2018
420,420,420,420,64484333.83,07/15/2017
421,421,421,421,11971029.11,03/10/2018
422,422,422,422,55806915.82,11/27/2017
423,423,423,423,19486348.51,12/20/2017
424,424,424,424,67162764.96,06/13/2017
425,425,425,425,33829321.56,03/16/2018
426,426,426,426,95931427.81,04/16/2018
427,427,427,427,96704780.95,02/10/2018
428,428,428,428,79425268.05,10/28/2017
429,429,429,429,49397724.26,04/30/2017
430,430,430,430,99093916.27,10/16/2017
431,431,431,431,51413543.09,04/22/2017
432,432,432,432,62988276.98,04/21/2017
433,433,433,433,25340161.41,02/07/2018
434,434,434,434,95655124.25,06/11/2017
435,435,435,435,52860368.85,02/02/2018
436,436,436,436,29170413.88,12/27/2017
437,437,437,437,46562732.43,06/24/2017
438,438,438,438,1965388.44,08/21/2017
439,439,439,439,93074082.53,04/14/2018
440,440,440,440,33737736.45,06/22/2017
441,441,441,441,45424490.86,09/03/2017
442,442,442,442,94107341.18,04/11/2018
443,443,443,443,58188345.16,05/03/2018
444,444,444,444,61622983.14,07/14/2017
445,445,445,445,9433469,04/03/2017
446,446,446,446,69383304.2,10/29/2017
447,447,447,447,11212414.19,03/01/2018
448,448,448,448,70110083.69,08/02/2017
449,449,449,449,91116356.82,05/17/2017
450,450,450,450,61591239.89,04/30/2018
451,451,451,451,85510889.08,09/17/2017
452,452,452,452,17696126.9,07/22/2017
453,453,453,453,35782354.37,01/25/2018
454,454,454,454,97573910.06,07/08/2017
455,455,455,455,35274532.65,02/11/2018
456,456,456,456,74510557.14,03/29/2018
457,457,457,457,7095417,05/21/2017
458,458,458,458,32792899.87,01/17/2018
459,459,459,459,60056783.48,08/08/2017
460,460,460,460,30242983.37,02/02/2018
461,461,461,461,91902378.73,11/28/2017
462,462,462,462,56832947.79,04/25/2018
463,463,463,463,29951820.88,05/04/2017
464,464,464,464,63720457.87,07/22/2017
465,465,465,465,28947651.6,01/03/2018
466,466,466,466,59699091.05,04/10/2017
467,467,467,467,56688782.58,05/27/2017
468,468,468,468,14108064.18,06/29/2017
469,469,469,469,27968829.56,11/06/2017
470,470,470,470,8976313,02/18/2018
471,471,471,471,73118685.24,04/12/2018
472,472,472,472,35549906.56,10/04/2017
473,473,473,473,34401145.58,04/27/2017
474,474,474,474,41097201.28,10/08/2017
475,475,475,475,70418465.71,03/18/2018
476,476,476,476,46545800.89,05/19/2018
477,477,477,477,37255846.7,10/05/2017
478,478,478,478,73095954.8,12/18/2017
479,479,479,479,44784280.62,12/27/2017
480,480,480,480,85227432.88,03/07/2018
481,481,481,481,98200575.09,12/10/2017
482,482,482,482,72985787.02,08/21/2017
483,483,483,483,17226406.57,12/09/2017
484,484,484,484,71301639.77,02/04/2018
485,485,485,485,169583.88,03/19/2018
486,486,486,486,39014341.89,05/17/2018
487,487,487,487,50237173.87,03/13/2018
488,488,488,488,85414277.54,05/04/2018
489,489,489,489,26795296.41,09/15/2017
490,490,490,490,10541219.44,11/29/2017
491,491,491,491,99855105.41,10/22/2017
492,492,492,492,30556305.42,10/04/2017
493,493,493,493,17374548.27,01/19/2018
494,494,494,494,37960488.13,10/12/2017
495,495,495,495,1221371.42,06/07/2017
496,496,496,496,58797980.75,08/10/2017
497,497,497,497,11390366.02,01/29/2018
498,498,498,498,14651163.71,05/27/2017
499,499,499,499,76557937.33,12/06/2017
500,500,500,500,82852584.96,06/14/2017
501,501,501,501,92374456.28,06/01/2017
502,502,502,502,62215862.99,03/25/2017
503,503,503,503,61505574.61,07/04/2017
504,504,504,504,90849033.49,01/15/2018
505,505,505,505,98682819.93,09/27/2017
506,506,506,506,23323310.47,03/29/2017
507,507,507,507,43491047.91,12/04/2017
508,508,508,508,38500993.09,11/23/2017
509,509,509,509,3242786.16,11/14/2017
510,510,510,510,37568967.25,05/06/2018
511,511,511,511,50677229.23,05/18/2018
512,512,512,512,30147368.04,07/27/2017
513,513,513,513,4627821,06/20/2017
514,514,514,514,40116934.38,09/11/2017
515,515,515,515,73257820.68,12/30/2017
516,516,516,516,93110908.82,11/29/2017
517,517,517,517,89505874.69,07/27/2017
518,518,518,518,94727600.74,07/09/2017
519,519,519,519,60991616.66,06/09/2017
520,520,520,520,61551794.47,12/09/2017
521,521,521,521,96669490.27,02/02/2018
522,522,522,522,69338391.83,04/19/2018
523,523,523,523,36387840.82,09/15/2017
524,524,524,524,74678850.03,04/21/2017
525,525,525,525,75050866.14,01/17/2018
526,526,526,526,94940277.83,05/21/2017
527,527,527,527,27082588.49,07/03/2017
528,528,528,528,79258108.12,08/08/2017
529,529,529,529,60086160.74,04/18/2018
530,530,530,530,85212027.09,03/13/2018
531,531,531,531,27899464.1,01/27/2018
532,532,532,532,15604512.08,08/15/2017
533,533,533,533,88055516.37,01/05/2018
534,534,534,534,49164004.47,09/03/2017
535,535,535,535,33686689.64,04/20/2018
536,536,536,536,7958148.72,04/18/2017
537,537,537,537,21035155.51,07/18/2017
538,538,538,538,39753062.19,07/02/2017
539,539,539,539,47105163.94,06/17/2017
540,540,540,540,25044909.24,08/26/2017
541,541,541,541,73040659.83,10/09/2017
542,542,542,542,82418948.87,10/24/2017
543,543,543,543,40861917.39,01/15/2018
544,544,544,544,42213573.28,12/28/2017
545,545,545,545,79839478.54,03/03/2018
546,546,546,546,93456913.14,05/27/2018
547,547,547,547,69211620.16,05/07/2018
548,548,548,548,32223415.47,01/28/2018
549,549,549,549,13605272.28,09/24/2017
550,550,550,550,5507129,06/29/2017
551,551,551,551,20351644.94,06/16/2017
552,552,552,552,14570552.45,05/14/2018
553,553,553,553,50638399.33,03/01/2018
554,554,554,554,93099406.74,02/14/2018
555,555,555,555,43889561.83,07/16/2017
556,556,556,556,18515106.85,05/16/2018
557,557,557,557,77480436.3,11/18/2017
558,558,558,558,66045059.09,05/15/2017
559,559,559,559,75685500.3,01/25/2018
560,560,560,560,86651287.68,04/13/2017
561,561,561,561,57661029.67,09/16/2017
562,562,562,562,123453.37,05/02/2018
563,563,563,563,2168232,04/11/2018
564,564,564,564,90727762.51,11/29/2017
565,565,565,565,39906982.63,11/29/2017
566,566,566,566,65301069.72,10/26/2017
567,567,567,567,92316837.74,04/13/2018
568,568,568,568,80615545.82,01/11/2018
569,569,569,569,61115261.86,03/24/2018
570,570,570,570,28788673.37,11/24/2017
571,571,571,571,96018444.05,03/03/2018
572,572,572,572,18718239.21,12/26/2017
573,573,573,573,21140933.73,01/04/2018
574,574,574,574,11064588.82,09/25/2017
575,575,575,575,25759402.69,01/12/2018
576,576,576,576,38516668.13,12/16/2017
577,577,577,577,68947547.92,05/09/2018
578,578,578,578,68366069.83,09/01/2017
579,579,579,579,57797703.38,07/13/2017
580,580,580,580,89679929.57,02/03/2018
581,581,581,581,87822303.7,04/04/2018
582,582,582,582,14198132.19,08/30/2017
583,583,583,583,59998352.17,10/30/2017
584,584,584,584,81095643.94,05/28/2018
585,585,585,585,29959236.31,03/11/2018
586,586,586,586,45660181.15,04/29/2017
587,587,587,587,46707700.38,10/04/2017
588,588,588,588,70847712.41,05/20/2018
589,589,589,589,66311102.54,01/19/2018
590,590,590,590,12582460.08,09/09/2017
591,591,591,591,84851332.83,02/16/2018
592,592,592,592,5598338.71,04/12/2017
593,593,593,593,84786388.81,04/11/2017
594,594,594,594,81529076.57,05/23/2018
595,595,595,595,72156089.24,05/15/2018
596,596,596,596,29369197.33,10/13/2017
597,597,597,597,70328008.52,11/28/2017
598,598,598,598,59901556.4,05/02/2018
599,599,599,599,43386572.27,08/21/2017
600,600,600,600,4826184,04/09/2018
601,601,601,601,6658680.51,04/15/2018
602,602,602,602,97066570.7,03/19/2018
603,603,603,603,16011888.85,01/04/2018
604,604,604,604,21014362.96,11/10/2017
605,605,605,605,68595207.01,09/18/2017
606,606,606,606,28101456.54,04/16/2018
607,607,607,607,89858182.87,08/26/2017
608,608,608,608,19734231.78,04/13/2017
609,609,609,609,47993586.38,05/01/2018
610,610,610,610,17403471.39,09/24/2017
611,611,611,611,53353030.84,04/15/2018
612,612,612,612,90304967.93,10/02/2017
613,613,613,613,33394770.09,08/23/2017
614,614,614,614,94786135.89,02/17/2018
615,615,615,615,26677535.1,12/16/2017
616,616,616,616,42180187.53,11/17/2017
617,617,617,617,46547057.97,01/06/2018
618,618,618,618,42157000.71,04/22/2017
619,619,619,619,12478484.53,01/02/2018
620,620,620,620,6406771.34,02/12/2018
621,621,621,621,30063868.12,04/29/2017
622,622,622,622,81394473.02,02/18/2018
623,623,623,623,93124097.86,07/30/2017
624,624,624,624,48555597.9,08/28/2017
625,625,625,625,93724586.4,05/23/2018
626,626,626,626,75213711.84,03/16/2018
627,627,627,627,92850371.66,04/08/2018
628,628,628,628,74993113.85,02/27/2018
629,629,629,629,99189275.91,04/07/2018
630,630,630,630,67426819.86,04/22/2018
631,631,631,631,64218193.18,07/07/2017
632,632,632,632,17629655.55,04/09/2018
633,633,633,633,79889371.73,08/20/2017
634,634,634,634,3241579.9,10/22/2017
635,635,635,635,72250714.06,05/19/2018
636,636,636,636,63511530.74,07/05/2017
637,637,637,637,73022017.38,06/11/2017
638,638,638,638,58196410.34,09/02/2017
639,639,639,639,92541805.31,10/14/2017
640,640,640,640,9612216,10/11/2017
641,641,641,641,11251607.55,12/30/2017
642,642,642,642,39163177.36,12/10/2017
643,643,643,643,92545474.59,05/13/2017
644,644,644,644,43454321.14,03/05/2018
645,645,645,645,40843246.81,04/22/2017
646,646,646,646,46737516.25,02/26/2018
647,647,647,647,62585792.4,05/12/2018
648,648,648,648,48050824.12,10/28/2017
649,649,649,649,45982554.71,05/02/2017
650,650,650,650,89621700.7,08/14/2017
651,651,651,651,38273744.8,11/16/2017
652,652,652,652,58938611.23,05/30/2017
653,653,653,653,64582929.19,06/26/2017
654,654,654,654,42539463.08,10/02/2017
655,655,655,655,43147259.47,09/02/2017
656,656,656,656,35143683.92,09/05/2017
657,657,657,657,21398202.74,11/01/2017
658,658,658,658,86201493.55,11/15/2017
659,659,659,659,9576902,12/21/2017
660,660,660,660,89628004.75,07/21/2017
661,661,661,661,80931996.81,03/26/2018
662,662,662,662,17333067.63,09/28/2017
663,663,663,663,11215907.68,05/30/2018
664,664,664,664,6935207,01/22/2018
665,665,665,665,81001673.34,01/27/2018
666,666,666,666,43488891.51,03/23/2017
667,667,667,667,36815132.98,05/05/2017
668,668,668,668,11195996.66,01/24/2018
669,669,669,669,43735087.19,05/12/2017
670,670,670,670,82609300.89,09/05/2017
671,671,671,671,88190519.45,05/29/2017
672,672,672,672,96345573.1,02/28/2018
673,673,673,673,29252856.4,01/22/2018
674,674,674,674,36435657.58,03/19/2018
675,675,675,675,3755766.05,08/09/2017
676,676,676,676,5273357.22,04/06/2018
677,677,677,677,14563329.48,11/06/2017
678,678,678,678,10496156.68,01/02/2018
679,679,679,679,56397199.61,11/30/2017
680,680,680,680,40116721.61,01/11/2018
681,681,681,681,63894976.52,04/21/2017
682,682,682,682,53884855.18,10/16/2017
683,683,683,683,80784552.67,09/27/2017
684,684,684,684,74433727.4,11/12/2017
685,685,685,685,84391487.05,11/10/2017
686,686,686,686,61013642.86,04/30/2018
687,687,687,687,18883245.75,05/13/2018
688,688,688,688,87197607.32,04/30/2018
689,689,689,689,62790967.52,04/25/2018
690,690,690,690,43190703.51,04/27/2018
691,691,691,691,21216706.75,01/26/2018
692,692,692,692,38686092.09,10/26/2017
693,693,693,693,93133215.6,08/16/2017
694,694,694,694,50188607.5,01/24/2018
695,695,695,695,72512541.29,05/07/2018
696,696,696,696,24967643.17,05/25/2017
697,697,697,697,71192324.8,05/06/2018
698,698,698,698,35759336.94,03/01/2018
699,699,699,699,70721193.47,07/16/2017
700,700,700,700,39518103.06,11/25/2017
701,701,701,701,97350940.62,07/29/2017
702,702,702,702,62968940.69,04/06/2017
703,703,703,703,58447117.18,06/30/2017
704,704,704,704,84771286.66,07/17/2017
705,705,705,705,50709372.99,01/13/2018
706,706,706,706,49384859.35,09/21/2017
707,707,707,707,42160796.63,03/20/2018
708,708,708,708,38544943.45,01/20/2018
709,709,709,709,37164866.28,05/16/2017
710,710,710,710,5801895,02/22/2018
711,711,711,711,84781549.25,01/12/2018
712,712,712,712,16787115.56,06/20/2017
713,713,713,713,30422371.44,03/31/2017
714,714,714,714,8008643,12/07/2017
715,715,715,715,12357475.4,03/27/2017
716,716,716,716,51866826.35,06/04/2017
717,717,717,717,97469646.21,05/02/2017
718,718,718,718,43548783.17,07/09/2017
719,719,719,719,25488422.68,01/09/2018
720,720,720,720,88614096.97,09/26/2017
721,721,721,721,74535776.28,07/02/2017
722,722,722,722,31203028.11,04/03/2017
723,723,723,723,22743502.82,01/06/2018
724,724,724,724,2055854.98,06/28/2017
725,725,725,725,11249845.25,03/25/2017
726,726,726,726,33521372.56,11/19/2017
727,727,727,727,57233824.1,01/10/2018
728,728,728,728,55565229.82,12/20/2017
729,729,729,729,24392997.81,09/01/2017
730,730,730,730,91264705.97,02/13/2018
731,731,731,731,45013577.65,02/17/2018
732,732,732,732,84714016.09,02/02/2018
733,733,733,733,82449182.5,04/30/2018
734,734,734,734,59189609.32,02/01/2018
735,735,735,735,60358301.42,12/18/2017
736,736,736,736,35183966.1,04/06/2017
737,737,737,737,58232565.53,03/01/2018
738,738,738,738,9355398,12/13/2017
739,739,739,739,89858725.87,11/11/2017
740,740,740,740,35159857.03,05/02/2017
741,741,741,741,43920930.26,09/25/2017
742,742,742,742,18250012.52,02/07/2018
743,743,743,743,65782695.28,05/16/2018
744,744,744,744,32885320.47,05/08/2017
745,745,745,745,49653884.14,04/28/2018
746,746,746,746,69193328.89,01/28/2018
747,747,747,747,65242986.39,09/16/2017
748,748,748,748,86768693.42,07/06/2017
749,749,749,749,25554770.25,12/18/2017
750,750,750,750,55247783,11/17/2017
751,751,751,751,50603093.46,06/18/2017
752,752,752,752,89110954.73,10/03/2017
753,753,753,753,58751232.89,04/20/2017
754,754,754,754,57746825.05,08/26/2017
755,755,755,755,69335932.79,05/14/2017
756,756,756,756,35734690.4,05/22/2017
757,757,757,757,20238634.68,02/19/2018
758,758,758,758,89679022.67,04/28/2018
759,759,759,759,83751967.04,01/06/2018
760,760,760,760,45553226.2,10/18/2017
761,761,761,761,51349864.14,08/30/2017
762,762,762,762,30849346.71,03/29/2018
763,763,763,763,35121171.91,08/13/2017
764,764,764,764,87321356.15,07/07/2017
765,765,765,765,59725601.6,11/15/2017
766,766,766,766,73117258.39,05/14/2018
767,767,767,767,45180453.61,10/24/2017
768,768,768,768,25280735.06,01/06/2018
769,769,769,769,12079727.92,06/21/2017
770,770,770,770,89183652.33,08/30/2017
771,771,771,771,34603984.16,02/20/2018
772,772,772,772,86877076.89,06/29/2017
773,773,773,773,6741662,10/01/2017
774,774,774,774,43815867.95,08/16/2017
775,775,775,775,77253623.56,03/05/2018
776,776,776,776,99448300.67,11/05/2017
777,777,777,777,22821015.96,05/18/2017
778,778,778,778,81402127.59,09/30/2017
779,779,779,779,7291857,01/26/2018
780,780,780,780,31941860.62,03/20/2018
781,781,781,781,16821035.7,07/20/2017
782,782,782,782,61754103.26,08/31/2017
783,783,783,783,11690243.75,07/31/2017
784,784,784,784,19207426.93,05/07/2017
785,785,785,785,38129162.81,02/02/2018
786,786,786,786,53680825.79,05/23/2018
787,787,787,787,81234055.35,08/02/2017
788,788,788,788,92830089.57,04/06/2017
789,789,789,789,90494378.91,07/12/2017
790,790,790,790,21618983.55,12/02/2017
791,791,791,791,19012902.76,04/15/2017
792,792,792,792,92065602.87,11/04/2017
793,793,793,793,62351356.27,09/05/2017
794,794,794,794,44528997.97,02/21/2018
795,795,795,795,1483075.9,08/19/2017
796,796,796,796,16558078.61,05/23/2017
797,797,797,797,801087.95,10/09/2017
798,798,798,798,4901340.59,11/16/2017
799,799,799,799,66667927.11,09/21/2017
800,800,800,800,46828451.06,05/28/2017
801,801,801,801,11667206.98,02/09/2018
802,802,802,802,56838614.4,10/28/2017
803,803,803,803,44706384.76,06/28/2017
804,804,804,804,40428359.09,09/21/2017
805,805,805,805,1322799.97,04/15/2018
806,806,806,806,45762518.24,04/25/2017
807,807,807,807,29192739.52,05/06/2017
808,808,808,808,82228432.41,01/28/2018
809,809,809,809,74784475.53,09/18/2017
810,810,810,810,95219012.65,04/11/2017
811,811,811,811,4672739.34,04/17/2018
812,812,812,812,9439828,04/16/2018
813,813,813,813,61926551.65,09/14/2017
814,814,814,814,89297647.94,09/23/2017
815,815,815,815,11250438.13,07/15/2017
816,816,816,816,288895.81,08/17/2017
817,817,817,817,90987805.56,05/01/2017
818,818,818,818,78088608.67,06/24/2017
819,819,819,819,42565579.87,03/28/2017
820,820,820,820,57847606.44,07/16/2017
821,821,821,821,92726930.04,06/18/2017
822,822,822,822,49691045.11,02/11/2018
823,823,823,823,78549221.15,04/19/2017
824,824,824,824,33301245.13,09/12/2017
825,825,825,825,67133398.35,10/01/2017
826,826,826,826,71888701.37,04/04/2018
827,827,827,827,1450278.97,01/08/2018
828,828,828,828,33106296.6,11/08/2017
829,829,829,829,60787162.54,04/04/2017
830,830,830,830,46237858.02,04/09/2018
831,831,831,831,22823507.35,03/23/2017
832,832,832,832,4661915.92,04/04/2017
833,833,833,833,86930431.38,04/30/2018
834,834,834,834,72070659.84,11/06/2017
835,835,835,835,80079470.15,09/16/2017
836,836,836,836,19634259.64,11/27/2017
837,837,837,837,93245924.96,05/17/2017
838,838,838,838,45214485.06,08/15/2017
839,839,839,839,84374876.66,04/21/2017
840,840,840,840,60587175.89,07/15/2017
841,841,841,841,55168579.1,11/05/2017
842,842,842,842,92055918.45,07/27/2017
843,843,843,843,28899909.33,12/20/2017
844,844,844,844,70352597.92,08/18/2017
845,845,845,845,39612566.7,07/03/2017
846,846,846,846,15084852.39,04/11/2017
847,847,847,847,70399756.23,05/16/2018
848,848,848,848,32796989.48,12/06/2017
849,849,849,849,93007992.3,04/26/2017
850,850,850,850,40896698.47,01/19/2018
851,851,851,851,43468689.27,07/05/2017
852,852,852,852,22736665.87,09/05/2017
853,853,853,853,76531995.74,07/19/2017
854,854,854,854,95409138.92,08/04/2017
855,855,855,855,49788434.73,12/11/2017
856,856,856,856,73577027.38,04/16/2018
857,857,857,857,26616913.63,03/25/2018
858,858,858,858,66687611.4,01/06/2018
859,859,859,859,69589224.15,03/14/2018
860,860,860,860,87568536.31,04/05/2018
861,861,861,861,42646913.89,11/03/2017
862,862,862,862,36616379.16,07/11/2017
863,863,863,863,1826917,09/08/2017
864,864,864,864,38585352.54,12/30/2017
865,865,865,865,37817816.33,09/29/2017
866,866,866,866,19183552.22,10/15/2017
867,867,867,867,43303383.28,08/14/2017
868,868,868,868,83358022.35,11/03/2017
869,869,869,869,72921675.4,05/23/2018
870,870,870,870,35819698.72,03/26/2018
871,871,871,871,35352066.74,12/29/2017
872,872,872,872,58373917.75,02/10/2018
873,873,873,873,35199260.88,06/10/2017
874,874,874,874,39203806.65,12/07/2017
875,875,875,875,56680068.75,09/08/2017
876,876,876,876,58759354.31,07/04/2017
877,877,877,877,35448746.44,03/19/2018
878,878,878,878,33284312.29,06/24/2017
879,879,879,879,76038446.99,10/03/2017
880,880,880,880,17058220.52,08/15/2017
881,881,881,881,84565511.2,01/22/2018
882,882,882,882,38300960.95,06/26/2017
883,883,883,883,42012680.91,07/06/2017
884,884,884,884,28404647.55,10/14/2017
885,885,885,885,47658964.43,02/05/2018
886,886,886,886,9805269,05/13/2018
887,887,887,887,45195463.11,08/26/2017
888,888,888,888,79029621.14,10/02/2017
889,889,889,889,81405148.69,04/11/2018
890,890,890,890,29231884.51,11/06/2017
891,891,891,891,62561039.01,06/21/2017
892,892,892,892,74350756.51,01/10/2018
893,893,893,893,10087957.68,06/08/2017
894,894,894,894,58425456.88,11/21/2017
895,895,895,895,20169019.8,11/28/2017
896,896,896,896,73654908.22,08/03/2017
897,897,897,897,17831902.43,11/16/2017
898,898,898,898,94530254.69,09/28/2017
899,899,899,899,34317038.98,11/26/2017
900,900,900,900,30704503.48,07/16/2017
901,901,901,901,11758106.44,08/08/2017
902,902,902,902,31724247.98,05/13/2017
903,903,903,903,77101068.19,07/16/2017
904,904,904,904,67676740.33,04/30/2018
905,905,905,905,68345373.23,06/23/2017
906,906,906,906,84037959.98,04/02/2017
907,907,907,907,49703760.82,01/18/2018
908,908,908,908,71326449.2,08/10/2017
909,909,909,909,71751948.07,05/11/2018
910,910,910,910,89462226.27,10/11/2017
911,911,911,911,99445863.3,09/28/2017
912,912,912,912,90144615.9,10/31/2017
913,913,913,913,50524408.13,05/13/2017
914,914,914,914,92743476.4,07/16/2017
915,915,915,915,10867315.74,10/05/2017
916,916,916,916,66161223.67,10/07/2017
917,917,917,917,61270732.45,05/13/2018
918,918,918,918,40023367.33,05/24/2017
919,919,919,919,83263135.53,03/30/2017
920,920,920,920,17082026.36,10/17/2017
921,921,921,921,34732777.52,12/09/2017
922,922,922,922,75069941.32,06/19/2017
923,923,923,923,44781032.53,04/12/2017
924,924,924,924,71421164.12,04/26/2018
925,925,925,925,2850983.04,04/01/2018
926,926,926,926,77879420.02,04/23/2018
927,927,927,927,57137322.11,05/27/2017
928,928,928,928,10265014.22,03/07/2018
929,929,929,929,90660726.92,07/28/2017
930,930,930,930,79031260.21,02/15/2018
931,931,931,931,68422573.98,03/31/2017
932,932,932,932,55338708.34,02/03/2018
933,933,933,933,20996789.78,07/03/2017
934,934,934,934,57993607.32,01/12/2018
935,935,935,935,6091276.55,05/14/2018
936,936,936,936,86215542.75,12/13/2017
937,937,937,937,45772499.36,06/15/2017
938,938,938,938,22741222.67,06/07/2017
939,939,939,939,72597838.93,08/08/2017
940,940,940,940,86391027.2,07/14/2017
941,941,941,941,29203787.73,04/17/2017
942,942,942,942,67816273.6,01/07/2018
943,943,943,943,57481991.52,07/01/2017
944,944,944,944,55310267.2,06/18/2017
945,945,945,945,27657522.43,09/15/2017
946,946,946,946,10870675.65,07/31/2017
947,947,947,947,96912794.02,12/02/2017
948,948,948,948,6791237.22,01/26/2018
949,949,949,949,49343214.75,04/28/2018
950,950,950,950,45058084.74,12/03/2017
951,951,951,951,98687825.17,05/22/2017
952,952,952,952,58653682.7,10/15/2017
953,953,953,953,87842846.16,04/25/2017
954,954,954,954,19457155.49,09/16/2017
955,955,955,955,35324040.14,09/23/2017
956,956,956,956,20209327.29,12/31/2017
957,957,957,957,77206322.57,04/01/2018
958,958,958,958,95298964.62,04/13/2017
959,959,959,959,60461158.71,09/11/2017
960,960,960,960,32073907.67,08/04/2017
961,961,961,961,66147324.51,05/17/2017
962,962,962,962,74598415.33,07/30/2017
963,963,963,963,65417439.46,07/25/2017
964,964,964,964,80556930.29,12/24/2017
965,965,965,965,61949346.49,04/04/2017
966,966,966,966,21428217.15,01/24/2018
967,967,967,967,57279506.94,06/15/2017
968,968,968,968,27408676.36,06/08/2017
969,969,969,969,99497496.55,10/14/2017
970,970,970,970,17871107.21,08/01/2017
971,971,971,971,97095797.46,12/08/2017
972,972,972,972,65460354.41,12/17/2017
973,973,973,973,760489,04/29/2018
974,974,974,974,41869836.59,06/21/2017
975,975,975,975,20797219.97,01/22/2018
976,976,976,976,47113584.04,08/25/2017
977,977,977,977,30299580.86,02/25/2018
978,978,978,978,71877290.62,07/06/2017
979,979,979,979,17290329.88,09/01/2017
980,980,980,980,55797483.25,06/14/2017
981,981,981,981,40528466.84,03/15/2018
982,982,982,982,59267160.5,06/29/2017
983,983,983,983,21016036.74,04/10/2018
984,984,984,984,94567332.65,02/24/2018
985,985,985,985,96342118.45,09/19/2017
986,986,986,986,45907865.7,04/13/2018
987,987,987,987,76973850.48,12/23/2017
988,988,988,988,69069087,03/30/2018
989,989,989,989,10270696.89,05/04/2018
990,990,990,990,50090364.41,01/12/2018
991,991,991,991,12326993.22,01/11/2018
992,992,992,992,31057404.35,02/27/2018
993,993,993,993,49913884.41,12/05/2017
994,994,994,994,95802745.12,06/21/2017
995,995,995,995,99898762.03,06/19/2017
996,996,996,996,4174204.35,01/19/2018
997,997,997,997,79444956.16,07/27/2017
998,998,998,998,11268052.28,03/04/2018
999,999,999,999,74888242.57,12/02/2017
1000,1000,1000,1000,13087469.11,02/28/2018