saleID,VIN,date
1,5P1V1K5Q5H2F4V8I8,12/17/2017
2,1D8F2F6G9Z2S5G7V7,12/08/2017
3,6O2Z1B6G6R8I7T2K0,12/12/2017
4,8X8B8P1W0S7W5L9F1,03/02/2018
5,2E2R5N0X8E0X8L8Z1,04/13/2018
6,1F1A2N4A6V1Y6S6O3,07/29/2017
7,7K3E6N1Y8B0R7H7B5,12/13/2017
8,7L1P7N9N7W7Q7V7Z5,05/07/2018
9,1U7T6S4R6D1R3F2M3,06/21/2017
10,7N1D5C5Q5A0B5S2X5,08/28/2017
11,0Q9U1J1N2Q7J1C5A8,06/05/2017
12,9I9O8H8S5N0F5K3V6,05/30/2018
13,7E2N6F8V5O7F9E8H4,03/26/2017
14,4E2C3F1Y6B1D1W7O9,06/01/2017
15,8K3Y4U8A7T2K2Z0P8,02/24/2018
16,5N6S6T0G9B0N7A9O3,03/23/2017
17,4E1X6Z5U0J7Y0H0L0,08/15/2017
18,0A3G6L8L3J6D0Q5A0,07/15/2017
19,7I1P7L3G4G2O6P0Z8,09/24/2017
20,4B4Y3V7H3J4L1Q8E9,01/27/2018
21,8O4E1B7F9V6E2O2H6,01/04/2018
22,4C4W9D4P8R4L4M3K5,01/27/2018
23,2Q4Y4J2B5U6R2F9K5,03/29/2018
24,2R6K6G3F4X0P4B2W5,06/05/2017
25,7C8E1R1J6D6W4Y9B5,05/29/2017
26,9W5Z0X2I7D8P3R9C6,11/10/2017
27,1H5I1Y7X1W1R1I7R2,04/30/2017
28,8F2S2W1B7B9Y3E7Z8,10/29/2017
29,9C9W5C3S5B9W5E1C1,10/07/2017
30,6N8Z5A9D9E6M1L9M5,01/24/2018
31,0C1Q6C4R1S4L4U1Q5,11/11/2017
32,4P2E8E3J7G4O0A5U4,04/04/2018
33,9Q7W6O7Y6O3I7W5H0,02/04/2018
34,7A9J2H6A3H9R4E4G4,12/23/2017
35,4W6X6B7S2P7W7B1K6,06/23/2017
36,6W7I1H8P5G9P7Y4P5,09/22/2017
37,3Y8Y0S5P1W6D1W3J7,09/17/2017
38,9D9I9C6D6P8H8P2Y2,02/06/2018
39,2V3B7U3K1I6O1J3F1,05/16/2017
40,5D9S8M5A4L8W3P2U5,04/10/2018
41,8F1Z4G9M5M5U4R8F2,04/09/2017
42,0H4S9M1Z2L2R5M7V9,07/31/2017
43,8D5W8Y8C7W0C3A5X3,12/21/2017
44,3Z3P9M9N2I4A6O7G0,06/15/2017
45,0W5N3M2D8B1B7U8J3,06/20/2017
46,4D8C6V3Q0A4Y9W5U2,03/29/2018
47,4B4R5E5D0J5H2I7P4,12/29/2017
48,5E3O1X4L3K7R4T2J8,08/09/2017
49,8Z5U8C1V7T7W3B3H8,12/16/2017
50,6N7T2Z1L9G2O4C3Q6,11/21/2017
51,3F3D9P5I0B6W2A7V1,10/14/2017
52,0R1B8U4R4I3S5H2Z2,01/23/2018
53,5W6X0L1A6I5M9Y0X4,02/06/2018
54,9R9Y5P5N9H0H3S8O7,09/03/2017
55,0B4M4P0X6O7L2R8N2,09/19/2017
56,4G0Y1G7V7B4N5Q3I8,07/15/2017
57,2M4O0B0F8J1M8G9Q4,12/24/2017
58,4N1M5D3Z7N8U3G4K2,12/18/2017
59,7P5G3G8D3W9A7Z7Y1,10/11/2017
60,5Y6E6D5Z2H8F9R7U6,04/02/2017
61,2L3O6K5M4U0Z9X8X5,10/09/2017
62,1B7H9I4S9W2B8Y2N4,05/06/2018
63,2R9A1Y9Q0U9R4C4W6,03/22/2018
64,8G7T9B4J2K1U6R2Y4,04/16/2017
65,3Y5N1N1T2V5W8T6V7,08/19/2017
66,2U6A1D7E5P3G3Q6S6,05/22/2018
67,1A1J6G7F1H8U9R4I6,03/23/2018
68,2G4I7H3W8D2G8T6O4,09/19/2017
69,9A3G0B2D9Q7F6C9D3,10/19/2017
70,9C9G5J0Z6C1I4S1U2,03/25/2017
71,2K8V7O9N0D4D4B4Z9,12/14/2017
72,9V4A0V6B1Z6E1K3I8,12/31/2017
73,9X7E9D8F7I2P8P5A0,05/26/2017
74,6W4P0R8N2W1E6O2J1,12/23/2017
75,7H9V7M8K9Y0K6D5H3,11/26/2017
76,9S1N5B4W4V6R4W0G1,11/13/2017
77,2D2M6L2A5S3Q4Q6B2,11/28/2017
78,3X1Z3S7I3O9K2Q7T5,05/18/2017
79,0P2X7D6H7P3W8G9S8,05/25/2018
80,1V1O5W6E2S6K8I7D6,10/12/2017
81,3Z0H0N4X7W9G0F2S1,05/28/2018
82,9X3B9X6R8B4E3B8X5,06/22/2017
83,8G2Y7V7K9W6Y1P4D5,01/30/2018
84,5T3G4K9B5U4A1Y0B0,04/15/2018
85,1N5D5B9T9P7W6I8T3,05/28/2017
86,3W9J0O3B9X9M0B3P6,11/25/2017
87,9M4F0D2I5U9E1P3T2,03/27/2017
88,3Z4J2J6M1Q5S6K4R8,12/03/2017
89,9G7T5S7M2M6I2O8T4,08/05/2017
90,4B7A4Q5F0R6X1G1A9,05/20/2018
91,6R0K4S0M7M6W2A3G4,04/15/2017
92,3W6D0F3Q4C0D2Q1W9,05/17/2018
93,6D8F3U1I3C3C3R0D8,11/11/2017
94,1G6M0L2V8N3H2O0L6,07/27/2017
95,0R2J0W1Z7V0P5X6P9,05/13/2018
96,7D7N4O0X2B2D8Y9F7,02/23/2018
97,3B6T9J8S7G1T1R9V5,10/28/2017
98,1U2G1N0J7K4E6Z7F2,03/29/2018
99,1R6T1H2F1T0I5N3E8,04/04/2017
100,2F9V5F9K0I1S4T8Y6,03/26/2017
101,5C6G1R0R4J2A3U8M9,04/16/2018
102,8K4C1C3K1U8V2Q1U7,09/29/2017
103,3K5L5O2S9L7F2X2L0,08/02/2017
104,6W3X4X1C0E3E0R0Y4,07/25/2017
105,0H9I1S9T7Z4T7W7R9,02/22/2018
106,6T2H9Q5O6R2H9U1Q9,09/24/2017
107,5N2D4X5G2U6K0C1B5,10/25/2017
108,5U9I3Q4W3S4N7A5H7,04/20/2017
109,0D2F3N0P8V5I1L0K5,05/04/2018
110,6E5V1Q3P8X6C7A6A0,04/28/2018
111,3T5X7O6C5G5Y0O6X2,02/20/2018
112,7A1T0X1T9H0W1U6F9,12/04/2017
113,7I7V6D6G4O2X1D3J5,03/29/2017
114,3K3I3C9J6F1L4E5Q5,03/22/2017
115,4P8L8A9F2M9S2U8R9,02/02/2018
116,0O7K0V6V5Z4J8U8M4,09/09/2017
117,3K3K9P2J0L4D4B5T1,02/09/2018
118,8X7U0L4S0W0R6B3E2,02/01/2018
119,9N7D2W9I7A3T8N3G7,11/24/2017
120,7K2A5R8P8S3M9J1O7,06/14/2017
121,9F7W4R6Z6L7F1T5G6,06/03/2017
122,0B2S2I3Z8B1E6Q2D6,02/21/2018
123,5F0A4G0M8H5V5W6Z8,11/17/2017
124,1R5I8Z6Y9H6R3X8Z3,05/17/2018
125,6O2X3K3I8E1O0B5E8,02/27/2018
126,7F7A6L2G8S0I2G2O4,03/31/2018
127,2D6K0A2C7Y7K8L7V4,04/06/2018
128,8L4J5O8U2B4J5R2R9,11/07/2017
129,4O8Z0R1I2P7W0S8T8,02/22/2018
130,5N4U0X5G3B2I3Z8Q6,11/08/2017
131,6D4X4I5V6L0P4K9T5,03/16/2018
132,1U8R7S4E6R8C6O1Y1,09/16/2017
133,4Z8O8A0V0J9L6W7U3,04/28/2017
134,6U1N4J6M9V9X6A4L5,06/15/2017
135,7N6N4V0X8T8C6M8Q5,03/24/2017
136,2D5M6K7X5N5V6V9Y7,11/03/2017
137,0M7O2R5B1W3C5V9K5,10/16/2017
138,7D2N7W6V5T8S5Z8J1,05/26/2017
139,5E8A2F8F7Q5L1V0N8,10/01/2017
140,6Z8O8T3E6K2O0M4N5,02/10/2018
141,6Q5J2C5H1L4Z6Q9O5,11/11/2017
142,3I2Y1L3E0I5T9K0H2,08/15/2017
143,3F2Z0V7Z2V5C9J5I6,01/02/2018
144,0M0K6W3X3Q5M3Y0Z4,06/19/2017
145,0N6G7O3Q4X7D4I8L6,09/16/2017
146,1Y9K4Q0D7A3Y9Y8B5,03/30/2018
147,9L9L9B9M7H9T4R2S0,04/25/2017
148,1B8B0C4K6B3O7Q0Q2,01/27/2018
149,0B3H0U4T0Y2Z3U5L2,11/23/2017
150,8E8J2X8F3B7M4R7K8,06/13/2017
151,6F2X8D8H4L0D5Y4G5,03/27/2017
152,7Z2M4F6V8Y8M6T5O1,06/24/2017
153,4F5T6Z1T4G5T6N8I3,05/21/2017
154,9X2N6S9F6L6R8A0W2,08/05/2017
155,8I4G9D1R9N5C3M3B6,01/18/2018
156,2X7K9B7X3L8Y9D6H7,07/12/2017
157,2D9E9Y5H6U2X7B6W6,02/26/2018
158,1T2O3U1U4K8P8Z0M6,04/20/2018
159,0U1U0Q3W7J8J3J6P7,12/22/2017
160,3Y4D8I5N5M7B2W6M7,02/22/2018
161,0H5S8B6D7Q4Y3E9R6,02/07/2018
162,0Z8F7Z4Q0E2W4V5T9,09/26/2017
163,9K2A1I7Z4T3Q3G3B5,05/30/2017
164,3F1Q9R4F6M6R8A8R2,08/07/2017
165,9K1K7N5H9N0O2Q1K0,05/08/2018
166,1E7S0V1W9S9F2N5C7,02/21/2018
167,6W6V7O7Y7M3X8L9B9,04/17/2017
168,7B0U4G3C8W9B8T9C0,06/03/2017
169,8Q3V0X5D6G0C9M4H6,03/11/2018
170,5E8U9O6C7T2Q8Z9B0,10/29/2017
171,9W0Q1L4M1G6Q1M0X2,05/25/2017
172,5B7Z2W7M0I2V0S8O7,05/05/2018
173,9A5Z9Z4U7P4U6G5L8,06/24/2017
174,6B9M8N7R7K1J0G4D5,11/25/2017
175,9F3X2V1S4M8D5P2K7,05/19/2018
176,5N3Y5T0I5L4M6R0C1,05/30/2018
177,6S6C2D3C8M7B8I9T8,09/20/2017
178,5A3Q2Q7X8A0D2Y6P4,01/31/2018
179,2N1K6Y9I5J1J4X6T1,06/23/2017
180,0V7B1U5C2X6O0I8G1,12/09/2017
181,2S9Z3N4B7P3G1I5K2,05/22/2018
182,2T0X3U8Z0K5P6J4S0,04/28/2018
183,1Z2K9U1N8V8T0A5P6,04/23/2018
184,1T0Z3P7K0A4A9R7V3,03/29/2018
185,9P6V7I0H3T8V4K4U6,12/28/2017
186,2M5V4D0O4Q6P7N8F6,04/06/2018
187,0C7V3F5L3R5C1W2Q3,03/12/2018
188,9U0J5R4Z8B8N4C4S9,01/23/2018
189,3F6T9D5W7C0Q6E2A9,11/04/2017
190,3K1V5U2X8W8Q6Q4D8,05/25/2017
191,3F7S2Y2B6W5P3X1M6,03/12/2018
192,9D1B5S9S0F8R5Q5T5,11/28/2017
193,5D0Y8D2V3K2W6Z2E2,04/26/2017
194,4T6Q7Q9Z1I4N7M3E7,07/23/2017
195,5V5R2X7N3X4F6B6T1,12/18/2017
196,9K8T1G5V0I1Z1G2J2,01/12/2018
197,6I8D4D5X8X4C1L9G4,01/15/2018
198,0D9G6S1B2V6E2I3Y9,06/30/2017
199,5I6X6L5P1I0U4K9Q5,04/28/2017
200,5H2X0U5I5E0M4K5A6,07/27/2017
201,7M0K2C6H1G6M1F1A2,04/26/2017
202,3P2T9P0U8B1O9C2C8,02/02/2018
203,2N6E8W5U1B1J2Z7I1,08/09/2017
204,1U4I4A3B5A9G0T8G1,03/24/2018
205,3U6V2N2G0L5R8E2O7,04/10/2018
206,1O8U7K5I9J0P4Y4X7,09/28/2017
207,6S2G3N6X8I4I2D5X9,04/20/2018
208,6S0J8L1J3C5S7I0E9,06/02/2017
209,0Z9B5V2P0X0G5K9S8,10/06/2017
210,3H1V8R7P8Z2L7T2H9,04/17/2018
211,1I9P2H4O5G9E4G1K6,09/22/2017
212,8O8H6V5Q2O6E8K6J0,03/04/2018
213,0I2P5H5I5B9L4G1U2,06/30/2017
214,5T4F7C8U4B5C9A1F5,06/17/2017
215,5V5M1N5K3V7C4N9V1,05/24/2017
216,3P6N1F2N9U3I9U6Y2,01/23/2018
217,3Z8F6H8N6X6T6R9N5,10/10/2017
218,1G0W0J8M6I2F8P5W2,12/13/2017
219,6Y2H2T8J0K0R6U3Y8,01/11/2018
220,2H4V2K8H7H4I4F5Z0,07/31/2017
221,1J4S0E8B1L1H4A5J9,03/29/2017
222,8Y7G2O7D1Q3J1J7X2,01/11/2018
223,9D3L7M5F9C0J4M9T6,04/06/2018
224,0A8N7V7H4E9V4R4K1,04/03/2017
225,8F1R3V7Y9L7P8P1W6,03/29/2017
226,7V0H6S3P0R1J0K8A8,06/08/2017
227,8A4U2L6U1A2L8X6Q1,01/03/2018
228,6V5T0R7L3P3F8T8N6,03/26/2017
229,4G0Y2Z9J7Y7B1Q0A8,11/23/2017
230,6Y1G2H3Y8Q1C1I7Y9,08/23/2017
231,3M9V3K6T8K0C0R7A0,09/26/2017
232,3H1Q6M8U5B7A5P6E9,09/27/2017
233,1S5O6P4T1D1L5C3L7,04/05/2018
234,1P4I5I7Y7K2T0P0V5,03/25/2018
235,3Z2V0A9M5B6X1Z5K1,01/14/2018
236,5C1S9Z6B0M0R9Q9U4,04/07/2017
237,3T9O5L5Z4B5F7E3E6,07/05/2017
238,0E1W8X9O1Y7F4G9H8,02/23/2018
239,5V0Q5M0B9K5K8Y3I7,07/03/2017
240,2Y2B0X2B8E6T9Y1V1,08/27/2017
241,4J7Y9H9R4I6Y9A3H5,10/25/2017
242,7J6L9C2T4O7F9M5Q2,07/02/2017
243,5K8X7Q2I6U3Z1M8L7,06/28/2017
244,9A3L0V8K8D2P1S2W3,06/21/2017
245,1O8Y3C0C8O3Z2C1P5,09/01/2017
246,9V9M6P9U6B8Z7R6E9,04/19/2018
247,0H8D6E7Q8U7A7I7N4,02/26/2018
248,8J4W4C4R6Q8X6N6O6,03/03/2018
249,1C5M0N6B5C8K8O9P4,04/26/2018
250,0G6Q9A1P0E9V5X9Z3,11/02/2017
251,1Q0L0F4X6W1H9I2P5,04/01/2017
252,7H9K4X7Q9E2E0B2Z7,02/03/2018
253,9B2K9C1F4K3F9P9Y2,08/29/2017
254,0R4K8G4U4O5N1L5F5,03/23/2017
255,9F1E8H0H3U9X8N4I4,05/27/2018
256,3U4U7Z6E5K9Z4J8X2,03/29/2018
257,3C8P8X7W3H4M1T3L4,04/03/2017
258,8R6V7K7N1E0G3A1F6,11/06/2017
259,3V8A7B5T7R9W3A2T4,09/01/2017
260,4S9Q0P1T2L4S9J0A6,01/07/2018
261,7I9N1U3Y3B3O0H1Z4,12/06/2017
262,1P7G6M4A7Q1U5T0R2,02/20/2018
263,6S8T6P2M9N2J7W3E7,12/01/2017
264,6P8B3M5U8P8O4W8P2,05/14/2017
265,2R8U6Q7D0H2A2U9L2,03/05/2018
266,3C4O3Y6B2V6F9C1T5,03/20/2018
267,7M8R1Q2C2C6U4R9K5,02/25/2018
268,8X7F0O5T3Y8Q2U9T9,07/14/2017
269,0F7D9K4F4J0X7X8K4,12/16/2017
270,7Z1O4S5I3R0C3K0F1,03/25/2018
271,1S0R3N3B0L7C4F4P7,09/27/2017
272,9R3G2H2U9Z4Q6T0G4,11/19/2017
273,8C0C9K1D4C5L0S1N6,09/09/2017
274,8G0Y0L9B3V1P1M1B2,02/25/2018
275,6G1I9K3U6R0Z4K7Z3,08/18/2017
276,2E2Z8D2G4X7A4A3N0,08/27/2017
277,6R7C1H4A3I1Y7G7A1,04/22/2017
278,7X7K9I0H4S5X0H1M3,04/18/2017
279,9W6T1G5M7U5O5M7W7,09/12/2017
280,8R7E4X1Q4J4C8Y0S2,03/26/2017
281,1X2X5X5S7M0U1R4U3,05/13/2018
282,4T7Q7I8F9W2O6F2V6,02/03/2018
283,5P7J3K1N9E5F5M5R1,01/01/2018
284,4R6P6E6O3Q1B5C7Z8,01/12/2018
285,4L6T3K8Y8D3C2A1U0,11/16/2017
286,1W4S1Z5Y1K5Z3C5D0,04/24/2017
287,4H7K0M1M0I6B6Y0D8,07/15/2017
288,0Q7W3G4I5F3X0A7O1,01/07/2018
289,6M6X5Y4V9Z8G1D8M6,12/10/2017
290,5A6Z8B1A2B3K9U5J2,02/28/2018
291,4T8D1X5K1B2A7K7F1,09/10/2017
292,5B7M6X2N1V2K7N3M8,08/05/2017
293,2X3J4L0D4T8R9E4Z2,07/22/2017
294,4F8C6B6W9A5T3O1L3,09/14/2017
295,1G7R4D0Y0D4J0J4U7,04/03/2017
296,7E1Q1Y1H0Z5N6H9F4,11/22/2017
297,4V4R6J3F3S1R0G6W0,07/04/2017
298,7Q6B8R2C0U1O1Y3Y9,04/30/2018
299,2B6S3N6S8Z6X3Q0I7,09/02/2017
300,0N1Y7W7Q0X0U3L4L7,05/17/2017
301,2A9V0G3U3L7E9H2Z6,07/30/2017
302,3D3P8M6S4S5L1Z1E5,08/19/2017
303,4N3A9E0J9I8F5P2H9,06/25/2017
304,7U9V9F6K8K0D8Z8R6,05/06/2018
305,7A7J8W4H9X4I9D1O5,04/23/2018
306,8U9Z3D6J4K7P7F1L3,06/19/2017
307,8W4Z8M0R3C2A0U8E5,10/27/2017
308,4Y3V1D7J4U5H3Q6M5,08/01/2017
309,8J5J2Z2D8S6E0W2Y0,04/16/2017
310,8Q9F2S5T6B1C3K1R4,11/20/2017
311,6V9A9L2H0R6Z2X6U3,04/02/2017
312,9H9W6C2C6R5L6E2I8,08/12/2017
313,9P5K7O5N2E0T2L4G3,06/23/2017
314,5M6D5T2C2C8D3G2Q8,04/27/2018
315,5V8K0X7I9M2U1O7O9,08/09/2017
316,9G4M4Q8L4Y9I9L5Y2,12/14/2017
317,2W3T5M7A3C8B0D4H3,07/25/2017
318,4D1F2O3K3S8D2T5R7,04/10/2017
319,7Y3X4A7F6M7S6F4P2,08/16/2017
320,7K9J3A7D7B6M9N0U3,05/17/2018
321,9V4Q6E2S6L2S4F5N3,03/29/2018
322,3A5Z4X7G6W8U3M2I5,08/27/2017
323,0E7L0R9H4R5O0A1O0,09/12/2017
324,5P2E5V6O8T8Y2P0I8,06/13/2017
325,3X2H0K5J4A0W2Q6C3,11/06/2017
326,5O5X7S7M7K9F4J2I5,11/05/2017
327,8D6R3E0O6M2X4O8C1,04/11/2017
328,2K7E2P2A1A3V8M0U2,05/11/2017
329,3Z2P2C6K0S7L8R5F4,03/03/2018
330,9Z3L2H2J6A0X5E0N5,04/18/2018
331,8F3S0G8R7U9S6V7M4,04/20/2017
332,1J5H1O9Y1F2W5P4Y0,09/20/2017
333,9Z2H0Y6V5Y9B4Y2G4,12/08/2017
334,7G5L5I6U4C8E4P6S7,05/16/2018
335,3C6M1F5U5E5D0O3U1,07/11/2017
336,2G2S7E4R5D8K9P0T4,04/17/2018
337,4Z5J0T8M2Z4L0B0C9,06/01/2017
338,5U7Y9I8V6U4W0J7P6,03/22/2017
339,4C6P7J8X5N1Z1R3M0,08/17/2017
340,7M6A3I1P6O3S6N3E1,01/20/2018
341,6V0R1Z7Z1R9K0D4W2,10/16/2017
342,2T8W1L5V1R0G4S6D1,05/10/2017
343,8R1T7E1E4C0S6Q9X8,01/18/2018
344,7Z5F9H0Q0K9Q5I7A4,07/14/2017
345,6U7Y0V3M7B1E0V3P9,02/08/2018
346,3Y5F6K9F2Y5K2R3K1,04/14/2017
347,5V9Y2T3Q9M0E8U6C9,09/22/2017
348,1D8J1A5V7M4H3L6Y5,04/01/2017
349,9V7W8A8W5B5C9A9U2,03/31/2018
350,5V2Y7V4P0M0D5R5O6,02/19/2018
351,8Q5F9K2A1A3Q9Q1Z3,02/14/2018
352,6U5Y0P3O3U6Z4A5Q1,03/27/2017
353,1H9K6Y7F5D1E7B7P2,07/19/2017
354,1T2U5O4U8F8Y4B9S6,04/30/2018
355,5Q6F9U4H5O9X7J3K6,05/09/2018
356,5Z5Y7J4A1P6J5E2E9,09/07/2017
357,1S6U7A8O3I1B2M2K2,07/13/2017
358,9V9D3B9D2K9I8R0S0,11/03/2017
359,8E9M8Q6J3T6H0P3C5,07/29/2017
360,8J5C7G8T2K7H7Q1L5,03/11/2018
361,7V2U5D5V9X0A1J6L8,04/12/2017
362,6M2O7M4P2G9B9L7N9,02/18/2018
363,4Z9Y6C5R0Z0H2W0Q6,05/02/2018
364,0X6E5V4L2I1X5I7L8,05/25/2018
365,3T0S0T2K5E3Z1O4G2,07/08/2017
366,5X1V7X2X9X2A5O6I1,03/22/2017
367,3Z5L5G8G3A4S8X3R6,12/29/2017
368,0P8E0V3W6M3V0A7N2,11/16/2017
369,2T6C8E3Z4R2A2E8J7,12/31/2017
370,3G2O7R7U1X0U1J4S7,07/20/2017
371,3A3C5T8W7S3D4L0I3,04/14/2018
372,5O6B6O7J5H1M0M2I9,04/18/2018
373,5D2S7M1L9A3B4R1Y7,08/11/2017
374,8T3V7T4K4K3Z4J7I3,08/31/2017
375,3U3U2L1Y0X9A7Q1O6,06/18/2017
376,9A3T4R4T1I3J8A9K8,11/14/2017
377,6I8X2C4F7K8U5Z5M2,10/25/2017
378,1Y0I7Y1Z3I3S8P3I4,12/08/2017
379,3S9J6V0M9W0E6Y1W9,09/06/2017
380,6U5T9R2S6G6T4W9F6,08/21/2017
381,1V9I7I2I8N8Y1O9C6,03/21/2018
382,7E7D5C5D0F4I0B1V7,09/18/2017
383,9M3L1I6U6G6A3G9I7,02/20/2018
384,0T8I9Q7X2F9D9O7H0,05/29/2018
385,8P1O4U1Y8Z5X4N6M7,08/21/2017
386,9P8W3L8A6W8R3R4B9,12/18/2017
387,4U4P4Z2G3P6T7E6A2,01/18/2018
388,0X4L5V0D8Q7F5G1Z8,12/14/2017
389,7X0Z9V4S0L7Y4Q8G6,10/16/2017
390,1V0C7W6E5C9X2H3R2,09/02/2017
391,5L9T9Z8O4K7J2M1P5,06/19/2017
392,4W6Y8A5P9Z5R2C3H9,06/25/2017
393,9V0F6R0C5O1N8N0K0,06/12/2017
394,9P2R6K2M7A2L3J9T9,06/26/2017
395,5A0G1G6O7Q6T9O2T1,04/04/2017
396,0F2L4Y7H3W0B5P3K1,04/12/2018
397,4G6C3V5U9B3P9O0V9,05/15/2018
398,9C3E0Q7F6W9I5W0B7,04/08/2017
399,3O7Z7M4W3A1F5P8W3,10/27/2017
400,0N7P4C0C1T9Y3I6N2,08/27/2017
401,3S8M9Q2E7Y2Q7H4S3,04/28/2018
402,4L3H0K7T0I1Y2D4B5,03/15/2018
403,3X2W8I5L4A7F1R8L0,02/28/2018
404,6G1A7J4D1U9W9W4S5,04/21/2017
405,2J2P5H1I6D7L9R1R0,05/01/2017
406,9H3M3U5G2F6H3W9J0,07/07/2017
407,9X9N4T1Y0H1U4W5A2,09/11/2017
408,2L8H5K9I3Q0S6O3I1,04/02/2018
409,2R4O2Q4E0D7Z5M4R1,04/04/2017
410,3I6F3A4W3F8L5T7K5,07/22/2017
411,9K0E2J7Z0D9T3A3F5,06/18/2017
412,2J4C9J7P7Y0J5Q0D3,12/26/2017
413,8T3H7A8V9G7E4H9U2,08/12/2017
414,8F7W8N2N3H3P9T6C3,09/30/2017
415,4D6G6A6Z1T9A5E9S6,07/28/2017
416,4M8Y4C8I3P7L7I9O9,05/17/2017
417,0A3F0E2J1N8R5M2K8,04/11/2018
418,0I8T2A2W7Q9M7B7E2,09/27/2017
419,2S2W0C1O5R4Y6A9W6,02/10/2018
420,5K4M7P4K3A5C8H3F9,09/22/2017
421,7J3I1O6H5O1J8N4G1,02/23/2018
422,4E3J4F7G6A4W7D5F4,11/28/2017
423,4F2G5Z7Q1J2A6U7B4,05/09/2018
424,5K4V4R1P1V6A9M6E8,03/08/2018
425,6O6G4L3Y9H2A7J8P6,08/08/2017
426,6V5N5K0S8P3J4F3I5,09/24/2017
427,1H6W5A3O4E8L8C4Y6,09/22/2017
428,5N5X7F3G7H1O4J0J2,12/05/2017
429,5Y9E9V2D0I2X8I5D4,12/02/2017
430,7Q3H1D6B6B5O4Z4A2,04/03/2017
431,3L3U0V1C3N9U9E4B1,06/01/2017
432,0L4O9C5C5O2I0D5T1,02/14/2018
433,3R5C5V9E9I5R9L4F5,10/15/2017
434,3P3I9P9B2I0H1Z6T6,08/23/2017
435,0P5M6L1I5I3P6A7P0,08/03/2017
436,7O7D5A1T7T7D9U1A8,12/19/2017
437,1H8H0X5O1L2T8I2X4,09/19/2017
438,1G8K2C2E7K3Z7P1J4,05/24/2018
439,8E3V3F6U9S1M2M4O6,04/12/2018
440,6A7E0V4N9H6L5G4P7,10/28/2017
441,9J7W2G3H6P9P6J0K6,12/25/2017
442,3T3G2R2V0H6E6L5V5,02/10/2018
443,0F8M9F5W8C8Q2V1J3,05/25/2017
444,3V9D3A9T1R0P9W7G4,10/12/2017
445,0G2T9B2V2R6O4C1I8,09/01/2017
446,9F1X5O2G4O9M7M5G5,03/04/2018
447,2F4E5M1N7S0A5U8S0,11/23/2017
448,2A8Z3V9L3B4K9Z8T2,12/28/2017
449,3F3V7T9U5M5S5I3Z8,04/03/2017
450,8E8O8O3F6W8D7W4P1,09/04/2017
451,1P1I4G0I2W9M7N0V5,05/08/2017
452,0B5K5M4K6I3L2U4X5,08/29/2017
453,1N0A7U0P5S6Z4L6Y0,05/26/2018
454,5G9S5S4N6C3N4A8B2,05/24/2017
455,1H5D9F3C7I8T9P8I6,03/10/2018
456,9I7T5D7M4B0J4X9Q2,08/02/2017
457,4L5W7S8K7B5Q5L3X0,10/09/2017
458,3O7H4B0H6H8W3R3E7,05/22/2018
459,6A4A0W0N3J6Y3U6M2,03/02/2018
460,9R4A6M1S3N5R7Q1K4,05/17/2017
461,8U7T0U0Y3U2H7Q8Q1,03/10/2018
462,0N1S7Q9V8E2Y0F7M1,09/07/2017
463,5Q1V5B2Y2G9P0Q6Z9,09/16/2017
464,2F7Z9W7U8X2O0D8W5,04/27/2017
465,6H6J0V1S4Y8J8B9I3,05/22/2018
466,6F8A7P2B9D0F2O9C3,05/11/2017
467,2Q8Y3V2A2O9Z6U4L9,10/19/2017
468,2Z3F1W0A4R7A3Z0F8,06/27/2017
469,2A2B2H4D3W6K7L7V3,05/25/2018
470,0P3L3W9G5L1W3T1J2,12/12/2017
471,5O7L9M8Q5X6D4U0Z1,05/26/2018
472,7W6B3L7O4H9Y9A1V0,05/10/2018
473,0P8B6Q7U6E0U6Q4Y8,09/14/2017
474,0Y1J4N9K1R0I7R6H8,12/02/2017
475,6O6Y1N6A6M6L0V3E9,03/29/2018
476,3Z4P5G8C7D3O0A8K7,11/13/2017
477,9K2T4Z9I7O8C5S6R0,12/05/2017
478,9E6W6U8R0Z2K9Z0D3,11/03/2017
479,2N8I2Q1V9N0Y5V5N9,08/15/2017
480,4W7Y3O4P6P3J3H6I1,12/24/2017
481,3C2F1V3X1J5F7T6B6,11/17/2017
482,5P9X8X1Y8O2J2S6K2,09/19/2017
483,4R4J4F1T3T8D3G7L8,07/01/2017
484,2D8O6G6R5B7H0R7D0,11/07/2017
485,5F7U9Y3U5D5W9R0H5,03/23/2017
486,5I0S7N9Q7P3Q6Q8M0,11/15/2017
487,3E6M2I2W3C6E9P7J2,05/21/2017
488,3F3S5L6A2N6T3A2B2,11/21/2017
489,4K5E3H3W3H2S4D6H2,04/17/2018
490,8K2G7I8Z8R2G8V6B9,06/14/2017
491,9S2I2U0I7I0G3P0Y8,01/11/2018
492,1D6P4K8M2K5X9R6N1,10/31/2017
493,1Z2S1O9H6Q0S3W6O0,05/17/2017
494,7R6W2N4R2X5V4O1Z5,02/19/2018
495,2H6T1C7O7T2O6H1J0,04/05/2017
496,8G7T2Z1N1Q5Q4M7J6,04/05/2017
497,8X9R8Q7I7G5D5Y3M8,05/06/2017
498,5O3C1U8Z6U2L0B4H8,09/10/2017
499,9I9F3V9E8J3M6Y4X1,06/29/2017
500,2L7Q9T0K1H5X4A4V7,02/21/2018
501,6H0R2E5Y8N9C7D9W4,07/22/2017
502,3Z4U7R3Z7E0G5C9V7,09/18/2017
503,6Y0F6C0S8N8V8G2T2,02/22/2018
504,0T4F6M2X9A1J2I6Y5,07/30/2017
505,6R3I6J2F8R8U0D9U1,02/20/2018
506,1N2W1K6T4I6I1X5P4,02/01/2018
507,7Q7W7U5L1O4X4A3W8,07/30/2017
508,3L4N4N7Q2J0D0S4Z2,01/18/2018
509,1X9C5A0Z8O7Y5P6V0,08/21/2017
510,5J5X7L3I5O3G8G7V5,08/19/2017
511,1A8M4S6N7J1K4U0F4,01/15/2018
512,6V6X7C3Q6M6Y6I3E6,01/16/2018
513,9F5Y4B7M0R1P6B6K4,07/03/2017
514,3H3O7J8W6T9D1K0K5,05/11/2018
515,5N5P3X4K0P0U5H9G2,11/24/2017
516,2P8L3Y8P5N6Z0W1W1,09/18/2017
517,0J7Y4S9N4K5I6C9I5,01/07/2018
518,5F1X8O7L2U9Y5S1J3,02/05/2018
519,5B4P9W1X2X9I9I3G9,09/28/2017
520,8J7Q2F0M6U2B0Z4Z8,11/24/2017
521,3P7C8J6E8R4C3S0S8,07/29/2017
522,0L3M9Q9M6J2U9T1T1,09/03/2017
523,8G1F8S1Y9H7K4J6O3,04/08/2018
524,5R5X4J3G4K7S4B9G1,05/05/2018
525,3N3M0H7V3G1A7X0K0,11/03/2017
526,1K0E0R9Q4I9V1Y9R2,11/11/2017
527,0X6B4B5W8F4F9V9W3,04/02/2018
528,4S7J0B8E3T8O1T7K4,04/15/2018
529,4O0M2K2M7W3T6E8L6,03/30/2018
530,6K2F3O4D9J8L0K1V9,12/02/2017
531,5F1K7B3T7I5I9Z5P0,08/21/2017
532,5F3T3F3A3Y8F8Q0M7,03/19/2018
533,7U1U3X6Y3L7B2B9S0,02/13/2018
534,3Q9D5F6X3X5S8K1P5,06/26/2017
535,3J1Q2G6E9M1T3P6D2,05/17/2017
536,2N7Y9T2I0Z0F2Q7S3,05/07/2017
537,8N0C0G2F0S2Z4K8A6,11/22/2017
538,6Y2Z3U5B0S5R7W0J3,03/14/2018
539,5H7R1N3R6X6W6K6Y0,05/29/2017
540,5J9T8K7H8A4K5T0T5,01/11/2018
541,7B8O8U4W5V7N3N2S1,05/05/2017
542,7F8J8M5Q0Z8D0F3T8,01/04/2018
543,1M0A3S6C5Q7P0I7A2,05/20/2018
544,6L2Y0X6K4R7O3K0U2,08/03/2017
545,6L2K8Z1W0Z2M3D0U8,04/03/2018
546,4N7T2Q9N5A9L8G7B5,04/30/2017
547,0W3V7L6D0D6P2G6G9,06/05/2017
548,4F1W2O6T6B0X7C2E6,04/13/2017
549,0P4O0I3U7T5M6Z6V0,05/13/2017
550,6Q2B7I5D4E6H1R5Z3,07/21/2017
551,4Y1F7R1F0S4Q0A1Q0,08/04/2017
552,7R1J1X1H3G2O9C6N3,09/12/2017
553,3E8G1V6P5L0L3X0O4,08/10/2017
554,1S0H6Z5I8O5S0L2G4,05/16/2018
555,8W9F2U9N8B9J3E9V7,08/14/2017
556,1K4L4Q7J2L8O9L4N6,08/07/2017
557,0E4Q8A9X0W1S3E1E1,10/30/2017
558,1C6E1Z0L8N5W0O7F9,04/06/2018
559,2B7M0V1A4A4V9R7E3,09/09/2017
560,8R3V3J3Y1H0L1Z8J9,09/19/2017
561,7W6Q9F2P4G3U1W0Z2,05/20/2017
562,4N9D2H9O3B1I5H6D4,10/29/2017
563,1I0F4W5R7T9E3J9Y1,03/24/2018
564,0V3E0R0O7M6I7J4O3,04/27/2018
565,2X0U6E9W9A0Q9G9Q8,10/22/2017
566,5F9Q5R8T7P8A2X5E4,09/18/2017
567,6T4E4O5M4J8B6D2D7,06/03/2017
568,9H4L0B7U9D3T9G5L1,10/16/2017
569,4Z0N0S0V9Z9Q8T9B6,08/21/2017
570,8U2W8U0L4S0J5Y3M7,05/25/2017
571,7Y1L1W4L6V7V2B7E8,12/05/2017
572,1Q0T5O3T2S5D6H0P0,03/30/2017
573,0V6T3R2F5O5K3K7G2,01/12/2018
574,3B3H2V9C6A9O3W1S5,06/05/2017
575,4N0O8Q8K1I3O2W5N1,03/25/2018
576,0Z2M0S4I8T3V8C9B8,05/07/2018
577,2V4Z5U3G2Q1V1U1F5,06/21/2017
578,1W1I1N0P1X8Q1N2F0,04/19/2018
579,4W1H9S2I5S6A0U9Q2,10/08/2017
580,8T8Y6C4Q2A0G8Q9F6,11/05/2017
581,0K9W1A3V8J7M6E8D9,07/27/2017
582,6N4K8T7W3N4D1C8F5,02/09/2018
583,0Q2U7H1W7S0K3L8H1,02/19/2018
584,7F4P7D3K2I4E7S7U2,05/02/2018
585,6C2R9V5Y3K0J4L6J8,09/05/2017
586,8G6K8G6H3C1C1E9U2,09/20/2017
587,6V0O6G1H3H8W7R9A4,03/24/2017
588,0W0K8X0N5R0K8S3P8,12/14/2017
589,6I4E8D6P2T9W4J3W9,05/12/2017
590,9Y6O3Z6E5T5R9O9R6,09/07/2017
591,6N2W3W7J2T5P0G2L5,03/31/2018
592,9O3X4L2L0Z1D8B0O0,12/24/2017
593,5C5Q6M7L8B5B5P3Z2,09/22/2017
594,2C5F3H5I2B0E0O0M7,05/19/2017
595,9Z2A7S4B3R2J3Y6P0,01/03/2018
596,3X2D0N9Z9M6M9L8R5,12/04/2017
597,3L5F7P2I7S7I8N1N1,11/15/2017
598,2U2U8Z8A2D8I0E2A2,09/20/2017
599,9E0N7Z0F7M4V2Y8B3,03/16/2018
600,6T4L9O3A2Q4U0U3L1,09/09/2017
601,5X9M2E8R0Z8L7I3F7,02/18/2018
602,5P3P8O1K3W1X8S1U2,07/05/2017
603,7T1C5S1D9N2Z6R9W5,05/13/2017
604,7L5D1U4M4N9L7R0C6,01/13/2018
605,1Q5E1L0T1U9F2S0Q7,07/22/2017
606,0J0G6P4W4F9D3J9V1,04/12/2017
607,6J5T4B3B0U1X1Y1O0,07/09/2017
608,6F5U0U5H3A1D8E0H7,01/29/2018
609,5A9N5I5Y1A4J4L1A7,11/07/2017
610,4D2L8M6R8R0M9C1F5,12/19/2017
611,8E5E1T9D1O6M5Y8T4,06/07/2017
612,9T2U7X4D1D5J5N9Q6,11/12/2017
613,0B9T4C4T7Z3K9Y1Q0,04/02/2017
614,7N9L3Z7H9C1M9U0J3,09/16/2017
615,9L1D4A4B5G1S2P4P9,05/12/2017
616,0C9N9D8U3G2M4A1Z2,03/24/2017
617,5S6S0H4S0F2P4G7G3,05/01/2018
618,8N4I3K3O4A3X7O7C1,04/14/2017
619,3F6G2V3C4G1B8F1A8,09/18/2017
620,8X9G6P5M4M8G9T1W1,07/30/2017
621,1K3I0F3N6K4C0X2L2,09/20/2017
622,2J2Y2U8Q1F8I1B2V2,06/24/2017
623,4P8U3S6A0F7Y7M2F1,04/21/2018
624,9O7Z8X3Y8E9R9X8M3,01/10/2018
625,6B8P4C6U6A8K5G7Z4,12/20/2017
626,5D5N7Q2U7Q2X9F7G0,01/16/2018
627,0K5V1A4A1T9W5Y1C9,08/31/2017
628,8P2D8K3E7I8K7Y8S4,12/19/2017
629,4L1D2D8S8T8U5W0A1,02/11/2018
630,5L6N9A4R2N4S6Q0H9,04/26/2017
631,2Q5C1A5Y2X5H8X1M3,04/25/2018
632,3B7W9M9B4R2X2N2S1,01/23/2018
633,1S0C5Z5S6D4I4B3V0,01/06/2018
634,2D4Z0Z3M8X8D2C1G0,06/05/2017
635,8Q9J1G9I8S2K7Z2P2,11/24/2017
636,3U4L8Y2F6K4O7T9U4,05/21/2017
637,2U8P1V0L3N1I6B8S6,07/08/2017
638,0E4H1X6Y1V5L9F9G0,01/22/2018
639,1S1D1C0Z6G6F7N6Z1,04/09/2017
640,2U9G2K6V2Q6D0M5X0,04/12/2018
641,4X9K7H2M0I3B7C4Y4,05/23/2018
642,0F2O4Q9H1V2A7F6S6,03/07/2018
643,5L5A3L1I5C1M7I7Q8,09/18/2017
644,6O9D9S2H5B2Y5G6C3,01/11/2018
645,7U5H9V7L2L9T3E9E9,07/10/2017
646,5B8X1G0F5W5U6G1Y4,06/29/2017
647,4H7F7W4I7S5X2P2W6,02/23/2018
648,5B3D1Z7N2T0F6G6X1,12/21/2017
649,1T0U3M5Z6L2U2N4B3,07/19/2017
650,3T8W6Q0S4H9E2A2I7,01/18/2018
651,8H5U7J4W3C1N1C5Z6,02/21/2018
652,4G5D1U8V8E2J5G8Q2,04/05/2018
653,8N9Z0I6N2N8E8M1J4,01/30/2018
654,8E1T9Z2Q0L2B6Y0R3,04/16/2018
655,3W0Q8S3E2P2S1J1N9,04/20/2018
656,7R6B3E9S6R0A4P3P3,03/15/2018
657,8Y9A6T2Y1G7G4P0A6,01/09/2018
658,1O0S7K2C1M0P8S7R2,04/03/2017
659,4M4B6E8Q9N3J8A0S9,04/13/2017
660,5W7A1Y9J2W9B8A1Y8,11/20/2017
661,2M6T8F3O6K2J5Q9E0,05/02/2017
662,2Z7U1M1I2A7B5H1T3,03/02/2018
663,4S9H5B4Z7V2Z9D3E1,05/18/2018
664,1M5H3Q0R0U0H0B9A3,10/30/2017
665,9B1X1P7Y3X3S0T8E1,05/14/2017
666,0R2D5P1I2L9Q5Y2C9,04/30/2017
667,0I3H2N1D8Q7F4K4I4,11/19/2017
668,2X1W3E8E3L2P9I1G7,07/22/2017
669,3W1Z5P7H8M8K0D0Z1,07/15/2017
670,2U5Y4S8M8D1J0O5A1,09/03/2017
671,6E6L2J2O5Z8K9Y9T3,06/14/2017
672,1K8Y5H8F7Z8L2R7A2,08/08/2017
673,3Q9Z7N0P7O2X9F7H1,06/12/2017
674,9X7H2O2E9U7P1Y6A4,06/14/2017
675,9X4A6S0Q9T5X5T2W6,05/19/2018
676,2O2A0E7F1I6K5Q6N1,11/20/2017
677,9R4S3Z5N5Z8Y7W6U6,08/22/2017
678,9K8E9W5A9X7Z4O2N8,04/10/2018
679,3B8H8D2P9D9J9V5I0,08/19/2017
680,3D3A5E4A1B2X8S8R7,10/22/2017
681,5C8M1F9Z3X1D1O5P2,09/29/2017
682,2Y8B3U9H1R2O1L3S0,06/12/2017
683,4C6W4T0B4B5N3D2V2,07/28/2017
684,0S1G7R1C9I8R8Y8E6,10/03/2017
685,6S5T7B6W7L7G3U1C9,01/23/2018
686,1G6K5H8L1S3Y4Q0P1,11/12/2017
687,7Y5J9H4I9A6T2L4B5,08/12/2017
688,8B6H5U3F8S1M7O9I8,11/12/2017
689,9H4A0U7S8E4O8D4O4,08/14/2017
690,6H7P3G2I8N7X1O8U1,10/29/2017
691,1Q5X0R1L8B0A8N5O5,02/07/2018
692,1Y0D8G9L8E0L1G6M6,07/29/2017
693,1Q0U4F2Z4X9K3H9H9,06/18/2017
694,8N2J6W7U6W4L0P1S7,03/04/2018
695,1O3A5U5J8Q4Q6W0K5,01/19/2018
696,4K3W4R4N2K3B4C6E4,03/29/2017
697,1Z0S0I7F8V2Z9Y8F6,10/19/2017
698,3Q5F1D8W6P0C7O8L6,12/13/2017
699,1W8G7Y4F9F4Z7T3D2,10/27/2017
700,5O1O1C3C9V1B8C2V3,05/13/2017
701,4L0N5K7M7V5T3P5X2,08/06/2017
702,0B8X2Q9T3N6C4C2V3,03/31/2018
703,6K5K5C5W6K0N3O5X0,03/26/2018
704,3G6T3D0T1E4C4M2S4,09/19/2017
705,3J8W1G9K7H9S2A6Z1,04/04/2018
706,9V4Y4D3D0Q9U8Z6T5,11/11/2017
707,9E4F8P3R9T6T4Q5R5,03/02/2018
708,0R7G3X0I0F3M3X3S8,11/29/2017
709,1I9F8Z5S1C9D8V3Z5,10/07/2017
710,5X0H0Z7T4S4F1C3B4,12/28/2017
711,5T1K9R3D5Y1R0S2A2,05/04/2017
712,3S6T1A1T6K5A5Z0Z5,06/16/2017
713,3Z0F7D6V0I4K6Z4Q7,06/10/2017
714,0R4T7V8R3D5J2Y1W4,08/01/2017
715,9K1I8S9O4E5B0R3P5,08/23/2017
716,2Z0B8A7Y0N3N0H2W4,12/25/2017
717,4K2M4V0R8Y4I0I0N1,12/29/2017
718,4T0E2U6V6T5D3A4G1,05/23/2018
719,5A4V1H7T7I5G7G4T7,12/15/2017
720,6A6N3C0E9N6L2P4M4,01/03/2018
721,7F3Z8K6M3L8S2H0V5,07/27/2017
722,7N8U9P0K5L4T6R8T7,06/07/2017
723,5E0B1O1Q7W3F7W1T9,08/19/2017
724,5K7J9H1X7K1E6M4K0,04/30/2018
725,7T8D2J0S2H4I0G7H0,09/05/2017
726,2F0R6Z5M2E5V0W0B9,02/28/2018
727,9Z8Q2V9W6L7J1Y9H1,09/07/2017
728,2V3C4G5X6M4B4L1D5,04/09/2018
729,6Z7M4J8I5R6W7U3M6,09/27/2017
730,4X1H8M5M6K5Y2D4V3,06/15/2017
731,6K9S9B8O8Z8L0T8A5,05/21/2018
732,1H3U2E5X9N2A2E7B8,09/13/2017
733,6F5R7F2R9A0P5O5K0,01/28/2018
734,9V4J7S1F9C2V0J0S9,04/11/2018
735,9C5O4B7V0D7B2M7K5,08/09/2017
736,9J6T5Q0X7F6Z8M6Y4,09/28/2017
737,3Y9I8X4S6H5F4R3U8,11/18/2017
738,1L9A6S6L5R9U0P4J9,09/08/2017
739,3X8C6E5K9N5H3D6B6,03/28/2018
740,3V6D9K8L9U7K5V0K2,12/13/2017
741,6I9J9D7Z1Q8Y9T7Q3,03/10/2018
742,9H3K7R9V4I7Q7D3H7,07/26/2017
743,0D2A2I5U5S3K1B9C2,09/25/2017
744,7U8P5Z2F3P9G8T3S1,10/14/2017
745,6N5M0S2V6W2P6C1F3,12/01/2017
746,3O8V7I2P8C2U0D7K7,04/02/2017
747,2M1F1E9H4D8X8Z8A8,11/13/2017
748,1T4B9E4U7Y9R5P1O5,06/01/2017
749,3O9G4N6H2L8M5S7L1,05/13/2017
750,7U5G1X8J1B1H4Z2J3,04/17/2018
751,1S5Z4O1Z6R4B7A0J6,04/09/2018
752,5C5M1I7J3S2F3L3W7,05/03/2017
753,1W3D3V9Y5P2S3Z7G0,12/22/2017
754,6S0X0W8L7G5A7I8Z0,12/13/2017
755,2Y2Z0C7X3D8W3J8P4,11/17/2017
756,5E6M6Q9O8K8A9Q5H5,10/05/2017
757,8F0L3R6D8T5W8Y1X5,08/16/2017
758,5A4P1W8O7E4V8Y6J6,07/05/2017
759,1H9I4P4N1A0P3C8N8,05/18/2018
760,7Q5W4L1K8E4C2M5I5,06/12/2017
761,1X4S7S6T6T0K1A4T3,12/06/2017
762,2Q3V7E5O0O2L8Q8W1,12/04/2017
763,6E5O6B6H0B6V0B4R2,04/17/2018
764,3E4S0R5W1J4X5S1H4,12/26/2017
765,0H3P2Q2X6K1K0E0G8,01/23/2018
766,8K8A6R2K8X0B8V7L5,04/20/2017
767,1U6F2U6N3O4L8M5M6,07/29/2017
768,3O3S3H4H9C2H7E1L0,07/17/2017
769,7K3A5W6H9T2J4Y7C8,07/05/2017
770,0D9C0Z5S9C6D7C0B4,11/23/2017
771,6E4D1P8B8F0T5Q5Z5,08/22/2017
772,3P7G0B1R0C9P6S8Y2,08/31/2017
773,2B1P5K1T0T4F0I8H8,09/08/2017
774,6U3Q1I1X1X0H3Y6Q1,12/13/2017
775,6X5A1A0D0N1J9I3Y2,06/10/2017
776,5P7F7C8X9T0V1A0U7,05/03/2018
777,9N3I9H1K3N5D1M7I4,01/02/2018
778,0Z0Y9V3G7O2Y4L0D5,08/14/2017
779,8V1C1K8W9J9M8T6X3,05/16/2017
780,7Q8T8G2D9X6C4J2A0,05/18/2017
781,2X6Z1I9W5O1G8J1U7,03/01/2018
782,2Q7D6J0H7W5N3D2R3,09/09/2017
783,4T3G6F6H7A1I8F2Z9,05/01/2017
784,7Z1K9C5U1Z9G2W3J2,12/18/2017
785,7P3L4Y4O0T3P7H1J6,07/18/2017
786,8H2D3M7W1A0F4D1F2,01/24/2018
787,2U7F9D1M7X8T6H6S8,09/30/2017
788,6G8O5P4N0F7I0Q4M1,07/04/2017
789,5Q3A9T8G5H5Q5T0K3,01/29/2018
790,2B9E4B9B7H5R6I2P5,10/28/2017
791,9S8F2I9K3R3G6F3R6,03/12/2018
792,3T8O4F1U2S0J9D7Z6,08/23/2017
793,9Y3B2Y0B8F6N6I3A8,06/01/2017
794,6Y5S2L3H5D4K1D7H3,07/24/2017
795,8A4T5F7Q6R5Q5I9K9,01/09/2018
796,3V6A3D1U1U5R1X6M0,09/28/2017
797,5N3T7P9N9T2P1Y1G0,06/22/2017
798,4I9Q1Y5Q2V3L4V8Y1,04/04/2017
799,2Q7K1S9N3F1O8P7D1,07/30/2017
800,3X5V0U2C7Y6M0V5V2,02/10/2018
801,8K1B3Q4B5R3Q3D8Z8,04/09/2018
802,1N3S1I5G3F2U7G5X6,02/24/2018
803,9S7X6H7S3N9C3X5R8,04/24/2017
804,9K7T4E1P3C1C4C3Z8,05/12/2017
805,1D7X5X8V3L9G8V6E7,10/29/2017
806,6X4V8L0H9F9N3J4O3,12/23/2017
807,0W2T8T0H7S8E4Y0P6,01/02/2018
808,8J4I9T9I0J9K7U6B4,04/18/2017
809,0U3R6E5W9P4H9D8C4,11/09/2017
810,4L9X6N3T8J1K6U2J8,08/07/2017
811,8W1D3F2Z1V3G7B0R2,10/20/2017
812,0Q6V6T2M8E6E3S9D6,03/10/2018
813,3P5A7P6Z9C6L4W4V2,01/05/2018
814,6C9U4H6W7L2T6G1O4,08/20/2017
815,4I7P8E6Z1M1J5D2K4,04/21/2018
816,9S6D8Y5U5J3B8M9R7,05/27/2017
817,9A0K4H6I2U5V6D6P8,06/06/2017
818,4U4R9P6T1Z0Q5X7K9,04/20/2017
819,2B2J9N9X3E2G2G8W3,02/01/2018
820,4C9G3E7K3R4P4R2Y4,04/10/2018
821,0E8G7L5O2O7J6P2Z0,03/11/2018
822,6L5P2V6C0P0K4J0M2,03/16/2018
823,9Q3D4O8V2D4Q5D4Q5,12/09/2017
824,6A1P0S6I6R4V9B7L4,02/12/2018
825,0C1K3R2T3V8T3V3E9,05/18/2017
826,9G7U4Y8L8L0Z7S9V6,03/30/2017
827,5S7C1X4N8C3Y8N6G6,03/07/2018
828,0F0D5W0T3R4P7X4I8,05/29/2017
829,6Q0N4Z5V7H5R6Q2X1,10/13/2017
830,9T8T9P9Q7Z9A4Y2Z3,10/29/2017
831,2K6T8C2V8Q7T2B2X7,08/04/2017
832,3V4Q9U6F5W0X8T9N6,01/04/2018
833,2F9M7S6Y6H9X4Z0M3,04/07/2018
834,5X8V2M5S7O4Z4T2K7,03/02/2018
835,7B4Z0G4A2L1L4Y5A1,06/26/2017
836,1J3J0F6M4I3G9U7Z4,10/13/2017
837,6P1M6E9C4M8S9I7T4,04/23/2018
838,5Z3V6N1Q7Q9J9N5C4,08/11/2017
839,7G5R5V1S3K3L5A7I6,05/22/2018
840,6L0I9L3S2Q3V7D8L6,04/26/2017
841,6L6R5T5F7N1F9R4F8,09/16/2017
842,3P6R8Z5C9O4O4F7F0,11/20/2017
843,3U3A2A3Y2T5V4Q0N5,01/08/2018
844,1Y0Y2C9A7O3O0C6A0,03/28/2017
845,1H4F3U0O3O7P6L4J0,03/18/2018
846,4V2Q1J5Y1U4Z5T4M2,04/26/2017
847,5W0E2K2E3H4D5F1V9,07/30/2017
848,6C2K8M3E6S5R4N2T5,08/25/2017
849,4U7E1P2P2W9B1L7R9,04/14/2018
850,1M5Y7F7Z1F9D3C4V0,03/17/2018
851,9G1U0N6A2M3Z0J3S9,01/31/2018
852,8Y4Y5X7D9G2E6A4V2,07/30/2017
853,8E0G8Y9T6R1M0A1Q8,12/10/2017
854,8S1E1L8X0G4F0F3M4,04/24/2018
855,3K6T1Q7Z4Z2D9I8D6,11/25/2017
856,0V2Q0D4L0S5F1U7F7,04/18/2017
857,7A2O9M6Z1U4K4X9F8,12/19/2017
858,9E5N1Y0P2W7W4Y8G2,06/28/2017
859,6R8F1E8V5K2O2Q3S9,12/01/2017
860,9K1E3S1M1Z6X7Y0K1,01/12/2018
861,7H3Y5L8W1Z7A9I6W0,06/19/2017
862,8D2T3N3T8N2S2Y0X0,05/25/2018
863,1O1U3P1I8Z6M9N7T2,08/20/2017
864,9C3G2S8I7Z9R1H2K8,04/15/2018
865,5N1C0P8T7L0P0P2K8,01/28/2018
866,9G9Z8I6I6S7O4F6O3,02/13/2018
867,5V9F1D5O1X8Y4V3H8,01/01/2018
868,2O7Q1S7T8C5Z0D2K2,01/26/2018
869,8C1M9R1R9V1Z8C7R0,11/24/2017
870,0Y9F0W1G6D9R8Z9G9,05/02/2018
871,4X3Q0X7Z5C5L9V8W0,01/27/2018
872,6Y8A0Y5W0X1Y8A3T0,11/20/2017
873,0P5A3B1H5G5L1N4U4,11/23/2017
874,6T6L4O4C0O1O5B4Y7,11/13/2017
875,9W3W5Z5E7B2C5C5N3,09/03/2017
876,8X9J3L3Z9J5S3A3Z7,01/21/2018
877,9O0P3I6C6G4H3E1E6,08/15/2017
878,2A8H6J0K4E7R8K7R6,05/06/2017
879,0X2Q1O8G5H8O2W3T5,05/04/2018
880,5X4D5M6K4K1T4Q0I2,05/21/2018
881,8W0M8U2O7D6U2Q1I1,02/20/2018
882,5Y2G1T6D3M9C6H8Z7,04/08/2018
883,8U8M0R1W4A7Q3C0L7,03/20/2018
884,6V5O6V0S3U3H2N5X3,04/16/2018
885,0S9L2M5I8I1P4E9R3,02/14/2018
886,9L9P5S7A5J6S3R9S5,02/10/2018
887,6U9P1A6T6Y8K1T4Q1,05/16/2018
888,9I4N2J2G7R8E5L6Q5,08/08/2017
889,9D4F4K9K0O4Y5X0G8,09/08/2017
890,7Z4D6L4R8R3W7F8K2,09/09/2017
891,8N4L5B4H2J4P8T7S8,07/01/2017
892,9S9Y9I4E7A1W3I4A6,07/31/2017
893,1E3U5N3C8O6K9D4I4,12/29/2017
894,4E8S9Z2N9V8F6G3U1,04/26/2017
895,7K3A3R4K6L0N8V8Z2,05/20/2018
896,3D8U8U8B7L6Q9M0Y1,03/23/2017
897,4G9F6W7N7Z4P5O0W0,05/09/2017
898,3P7V1V1I1U4Q3N8G9,03/06/2018
899,9P9L2G8Q2X1P2H7F7,04/22/2017
900,7F2M3C2Y7G5W5T4T7,10/30/2017
901,4L7B5Y5T9W0H0F1F1,03/18/2018
902,9P5J4V5D8R4K7O4S8,06/13/2017
903,9M9L0B9O7Z0G3E7O2,12/04/2017
904,6Z2G1M9D1H8Z6U2I6,10/09/2017
905,3A1R4P3Q8N2F2F5Q9,08/16/2017
906,6B7F6D2X4I5V0W7S1,06/29/2017
907,4B0Z0U9N8G2S5T0D3,12/28/2017
908,3K3B6G2Q1I0Q2J1U4,09/18/2017
909,8Q1P6R5F5P9A4J6Z7,02/01/2018
910,9U8Q6G9B3K2A2U7H8,12/08/2017
911,3E4Q7M4U0F1G2S0E5,03/04/2018
912,3L8M3L0I8W6N0T4A0,02/19/2018
913,8B2G3Z5Q0T8X7S8E3,06/25/2017
914,1X2F3A1H1W8K0T9H1,11/22/2017
915,8Q0H5J9N0H5P2P1R9,05/02/2017
916,4S5S0Q3D0M3O6S4A2,11/02/2017
917,8L6U6U5N3G2Y1J4X6,06/11/2017
918,5B7I5K0Y1E5M1J6F3,08/17/2017
919,8F8W7H3Z8W8M9G2M0,03/14/2018
920,3Q8P4S4P7H8O7M6K8,04/14/2017
921,3Y1L8Q5E2H5F0Q8X7,06/03/2017
922,5L1E2E2W1F9D3T0K3,09/08/2017
923,6X6G4K0Y0V9A8A3J2,02/24/2018
924,2D5Q2J0V9O3B2H8M2,05/16/2017
925,2H8L5U7J1P7B2L1J0,09/26/2017
926,3Q4A4B7K2W7L8T0L0,07/06/2017
927,5X5X6O7O9U0W7C6P0,08/21/2017
928,0T7U8I0G9Z8J6K1C6,01/27/2018
929,4B9O0A6A2X3K1C6S6,02/25/2018
930,9Q6V7F0T4L2W9Q1Q9,09/14/2017
931,9W1D0A3O0U3Q4Z0M7,04/12/2017
932,6T6K0G5E3C6U6I2X4,06/02/2017
933,7H5M5S0T8C8H4K6X5,12/08/2017
934,6L0Z6N8A5K3Z2L2S5,06/12/2017
935,0E8Z9Y2C2J7K2X1V3,05/10/2017
936,8Z1U6S7M7G9B8U6P0,10/14/2017
937,5D3V6T9O0H8M3J4Q3,08/04/2017
938,3U1Y1V1Q3D7B4N1J5,08/24/2017
939,8V6E6O7N5T6N0D8W7,05/11/2017
940,2I8Q2R6G2O6I9F1J3,08/19/2017
941,1H1Q5R6V0T2D7M5T5,10/09/2017
942,8Z8C9Y4S0A2D7N3D8,08/26/2017
943,6E9F0Z6D0G4W1L7B3,03/23/2018
944,4X9X5F6Z2Y3G4S2Y7,06/21/2017
945,3A6B0I4Z1S4A9L2B3,03/26/2017
946,9S6C5E1P6X5T6V2L0,05/05/2018
947,1Y1L7E5W2B3Q1E6U4,08/29/2017
948,8I5V6X5V8M1D5W0R3,09/07/2017
949,7W1O5G7E5H3F3S0S4,11/16/2017
950,2S5O9B0E4I7T3O5M0,05/21/2017
951,3U3F4C4V3E4X1H2A5,10/19/2017
952,1F5P4I1S5I0S4Z5N6,04/28/2017
953,1E8V5H1F8A2N5P3O5,10/19/2017
954,8Z9R3Y5M2P6B5F3G2,05/26/2017
955,7J1U6Z1W6H3V1X7R5,05/23/2018
956,8Y1P0E7A1I1G1A3I9,11/11/2017
957,1I7S4T3F0W1E9I5I9,10/30/2017
958,5V3D1G8T6Q6S7P8X4,08/29/2017
959,1N7H5E6K0S1K2R6Y3,05/01/2017
960,1N6X5G6Q6D3Q8L6W4,04/27/2018
961,8E0B9P2S6O5D0L9D7,07/10/2017
962,1D5R3U9V0G3N2Y7Q4,10/14/2017
963,3S5T2D8D3K4B6W0V8,07/28/2017
964,7Q1M4H8V0I7Y3R5X1,01/22/2018
965,1L6V4W3W9O9K3Q8T6,07/07/2017
966,2U2V9O1G8R1C4O8X8,04/02/2017
967,0G8Y5G5U1K6X7H1X5,05/01/2018
968,9D9B8A8X1C7Y4S5M6,05/29/2017
969,3B0U2N8B9O1W9A0H0,10/21/2017
970,7R1P4E0I9H4F8R6H3,07/07/2017
971,0Z3O4I9F0X1O6E1Q5,11/24/2017
972,2R8H4B4O1G9S2F5R3,03/30/2017
973,8H9V0X4I1I8W2P3T3,07/30/2017
974,0V8B7F2O3S2U9E9F9,08/01/2017
975,9J2N6Z6S8B6M6Y7U7,09/13/2017
976,1C5S8E6K8R2W6H8U8,05/11/2018
977,1P2L5K9U4S1F7B3J7,05/07/2018
978,8J1N5E7Q5W8N7U5T8,09/02/2017
979,0Z0E7R2C7W2E6K5N8,11/14/2017
980,0V7D6U6N2V4N8M8F5,04/10/2018
981,5T3V8A6R6W5A4S5I1,05/23/2018
982,8P8C7L2Z8Q5J6T1K2,07/06/2017
983,7B3I0M2G6S7I7P7R4,05/24/2018
984,7P0R7V5V5X7V7Y4E3,05/25/2018
985,3C0M3Z0O1M5H2D3Q6,03/25/2017
986,5X8T9X0B6C9P1R6J2,05/25/2017
987,1U2R3N6C8H7P5X5H2,07/26/2017
988,8F7O7T9Y8H4E6Z2Q9,11/05/2017
989,8H6N3Q9N6L8Q9F0J8,03/25/2018
990,9V7I2G7N4E8J3B7Z4,10/31/2017
991,6G2K8J6E1Q5K7U9V1,10/16/2017
992,5R6L7Y5Y9F6M4Y2J8,09/15/2017
993,2H2I1S9W2B1M9W5O9,11/27/2017
994,0V5T5D1B7K2J3A1P7,03/27/2017
995,3I6Q2S0Q3L5V7I1U7,10/10/2017
996,7X7X5Z9P9R0X2L7G9,03/17/2018
997,2N6I6J4V6F4L3M4T3,10/16/2017
998,7F9D6Z7I4S4F1L1U3,04/01/2017
999,4P0X6G5G9B1S3W5B4,02/02/2018
1000,5X0R8U0J5V0G5I8E7,03/13/2018